date,close,equity
2018-03-12,12418.3896484375,1666.6666666666667
2018-03-13,12221.0302734375,1666.6666666666667
2018-03-14,12237.740234375,1666.6666666666667
2018-03-15,12345.5595703125,1666.6666666666667
2018-03-16,12389.580078125,1666.6666666666667
2018-03-19,12217.01953125,1666.6666666666667
2018-03-20,12307.330078125,1666.6666666666667
2018-03-21,12309.150390625,1666.6666666666667
2018-03-22,12100.080078125,1666.6666666666667
2018-03-23,11886.3095703125,1666.6666666666667
2018-03-26,11787.259765625,1666.6666666666667
2018-03-27,11970.830078125,1666.6666666666667
2018-03-28,11940.7099609375,1666.6666666666667
2018-03-29,12096.73046875,1666.6666666666667
2018-04-03,12002.4501953125,1666.6666666666667
2018-04-04,11957.900390625,1666.6666666666667
2018-04-05,12305.1904296875,1666.6666666666667
2018-04-06,12241.26953125,1666.6666666666667
2018-04-09,12261.75,1666.6666666666667
2018-04-10,12397.3203125,1666.6666666666667
2018-04-11,12293.9697265625,1666.6666666666667
2018-04-12,12415.009765625,1666.6666666666667
2018-04-13,12442.400390625,1666.6666666666667
2018-04-16,12391.41015625,1666.6666666666667
2018-04-17,12585.5703125,1665.8337497917712
2018-04-18,12590.830078125,1666.5299355725153
2018-04-19,12567.419921875,1663.4313530370528
2018-04-20,12540.5,1659.8682157864037
2018-04-23,12572.3896484375,1664.0891490708825
2018-04-24,12550.8203125,1661.2342186328399
2018-04-25,12422.2998046875,1644.2231659639115
2018-04-26,12500.4697265625,1654.5697844201786
2018-04-27,12580.8701171875,1665.2116290783063
2018-04-30,12612.1103515625,1669.3466055220508
2018-05-02,12802.25,1694.5136051633895
2018-05-03,12690.150390625,1679.6760326101712
2018-05-04,12819.599609375,1696.81001002427
2018-05-07,12948.1396484375,1713.8236478613408
2018-05-08,12912.2099609375,1709.0679725466096
2018-05-09,12943.0595703125,1713.1512456275066
2018-05-10,13022.8701171875,1723.7150182077341
2018-05-11,13001.240234375,1720.8520737484498
2018-05-14,12977.7099609375,1717.7375924289115
2018-05-15,12970.0400390625,1716.7223968993972
2018-05-16,12996.330078125,1720.2021624774543
2018-05-17,13114.6103515625,1735.8578114893303
2018-05-18,13077.7197265625,1730.9749459019936
2018-05-22,13169.919921875,1743.178619893343
2018-05-23,12976.83984375,1717.6224231881683
2018-05-24,12855.08984375,1694.4508917885164
2018-05-25,12938.009765625,1694.4508917885164
2018-05-28,12863.4599609375,1694.4508917885164
2018-05-29,12666.509765625,1694.4508917885164
2018-05-30,12783.759765625,1694.4508917885164
2018-05-31,12604.8896484375,1694.4508917885164
2018-06-01,12724.26953125,1694.4508917885164
2018-06-04,12770.75,1694.4508917885164
2018-06-05,12787.1298828125,1694.4508917885164
2018-06-06,12830.0703125,1694.4508917885164
2018-06-07,12811.0498046875,1694.4508917885164
2018-06-08,12766.5498046875,1694.4508917885164
2018-06-11,12842.91015625,1694.4508917885164
2018-06-12,12842.2998046875,1694.4508917885164
2018-06-13,12890.580078125,1694.4508917885164
2018-06-14,13107.099609375,1694.4508917885164
2018-06-15,13010.5498046875,1694.4508917885164
2018-06-18,12834.1103515625,1694.4508917885164
2018-06-19,12677.9697265625,1694.4508917885164
2018-06-20,12695.16015625,1694.4508917885164
2018-06-21,12511.91015625,1694.4508917885164
2018-06-22,12579.7197265625,1694.4508917885164
2018-06-25,12270.330078125,1694.4508917885164
2018-06-26,12234.33984375,1694.4508917885164
2018-06-27,12348.6103515625,1694.4508917885164
2018-06-28,12177.23046875,1694.4508917885164
2018-06-29,12306.0,1694.4508917885164
2018-07-02,12238.169921875,1694.4508917885164
2018-07-03,12349.1396484375,1694.4508917885164
2018-07-04,12317.6103515625,1694.4508917885164
2018-07-05,12464.2900390625,1694.4508917885164
2018-07-06,12496.169921875,1694.4508917885164
2018-07-09,12543.8896484375,1694.4508917885164
2018-07-10,12609.849609375,1694.4508917885164
2018-07-11,12417.1298828125,1694.4508917885164
2018-07-12,12492.9697265625,1694.4508917885164
2018-07-13,12540.73046875,1694.4508917885164
2018-07-16,12561.01953125,1694.4508917885164
2018-07-17,12661.5400390625,1694.4508917885164
2018-07-18,12765.9404296875,1694.4508917885164
2018-07-19,12686.2900390625,1694.4508917885164
2018-07-20,12561.419921875,1694.4508917885164
2018-07-23,12548.5703125,1694.4508917885164
2018-07-24,12689.3896484375,1694.4508917885164
2018-07-25,12579.330078125,1694.4508917885164
2018-07-26,12809.23046875,1694.4508917885164
2018-07-27,12860.400390625,1693.6040897436446
2018-07-30,12798.2001953125,1685.4128591470533
2018-07-31,12805.5,1686.37418062209
2018-08-01,12737.0498046875,1677.3598787960357
2018-08-02,12546.330078125,1652.2437316240935
2018-08-03,12615.759765625,1661.3870241443904
2018-08-06,12598.2099609375,1659.0758658530342
2018-08-07,12648.1904296875,1665.6578635911458
2018-08-08,12633.5400390625,1663.728533187333
2018-08-09,12676.1103515625,1669.3346770990124
2018-08-10,12424.349609375,1641.9987578336202
2018-08-13,12358.740234375,1641.1781687492455
2018-08-14,12358.8701171875,1641.1609209689436
2018-08-15,12163.009765625,1667.1701846165327
2018-08-16,12237.169921875,1657.3220911118237
2018-08-17,12210.5498046875,1660.8571079783612
2018-08-20,12331.2998046875,1644.822118965058
2018-08-21,12384.490234375,1637.7586990424747
2018-08-22,12385.7001953125,1637.5980223522938
2018-08-23,12365.580078125,1640.2698721083846
2018-08-24,12394.51953125,1636.4268591650273
2018-08-27,12538.3095703125,4939.3752870457565
2018-08-28,12527.419921875,4939.3752870457565
2018-08-29,12561.6796875,4939.3752870457565
2018-08-30,12494.240234375,4939.3752870457565
2018-08-31,12364.0595703125,4939.3752870457565
2018-09-03,12346.41015625,4939.3752870457565
2018-09-04,12210.2099609375,4939.3752870457565
2018-09-05,12040.4599609375,4939.3752870457565
2018-09-06,11955.25,4939.3752870457565
2018-09-07,11959.6298828125,4939.3752870457565
2018-09-10,11986.33984375,4939.3752870457565
2018-09-11,11970.26953125,4939.3752870457565
2018-09-12,12032.2998046875,4939.3752870457565
2018-09-13,12055.5498046875,4939.3752870457565
2018-09-14,12124.330078125,4939.3752870457565
2018-09-17,12096.41015625,4939.3752870457565
2018-09-18,12157.669921875,4939.3752870457565
2018-09-19,12219.01953125,4939.3752870457565
2018-09-20,12326.48046875,4939.3752870457565
2018-09-21,12430.8798828125,4939.3752870457565
2018-09-24,12350.8203125,4939.3752870457565
2018-09-25,12374.66015625,4939.3752870457565
2018-09-26,12385.8896484375,4939.3752870457565
2018-09-27,12435.58984375,4939.3752870457565
2018-09-28,12246.73046875,4939.3752870457565
2018-10-01,12339.0302734375,4939.3752870457565
2018-10-02,12287.580078125,4939.3752870457565
2018-10-04,12244.1396484375,4939.3752870457565
2018-10-05,12111.900390625,4939.3752870457565
2018-10-08,11947.16015625,4939.3752870457565
2018-10-09,11977.2197265625,4939.3752870457565
2018-10-10,11712.5,4939.3752870457565
2018-10-11,11539.349609375,4939.3752870457565
2018-10-12,11523.8095703125,4939.3752870457565
2018-10-15,11614.16015625,4939.3752870457565
2018-10-16,11776.5498046875,4939.3752870457565
2018-10-17,11715.0302734375,4939.3752870457565
2018-10-18,11589.2099609375,4939.3752870457565
2018-10-19,11553.830078125,4939.3752870457565
2018-10-22,11524.33984375,4939.3752870457565
2018-10-23,11274.2802734375,4939.3752870457565
2018-10-24,11191.6298828125,4939.3752870457565
2018-10-25,11307.1201171875,4939.3752870457565
2018-10-26,11200.6201171875,4939.3752870457565
2018-10-29,11335.48046875,4939.3752870457565
2018-10-30,11287.3896484375,4939.3752870457565
2018-10-31,11447.509765625,4939.3752870457565
2018-11-01,11468.5400390625,4939.3752870457565
2018-11-02,11518.990234375,4939.3752870457565
2018-11-05,11494.9599609375,4939.3752870457565
2018-11-06,11484.33984375,4939.3752870457565
2018-11-07,11579.099609375,4939.3752870457565
2018-11-08,11527.3203125,4939.3752870457565
2018-11-09,11529.16015625,4939.3752870457565
2018-11-12,11325.4404296875,4939.3752870457565
2018-11-13,11472.2197265625,4939.3752870457565
2018-11-14,11412.5302734375,4939.3752870457565
2018-11-15,11353.669921875,4939.3752870457565
2018-11-16,11341.0,4939.3752870457565
2018-11-19,11244.5400390625,4939.3752870457565
2018-11-20,11066.41015625,4939.3752870457565
2018-11-21,11244.169921875,4939.3752870457565
2018-11-22,11138.490234375,4939.3752870457565
2018-11-23,11192.6904296875,4939.3752870457565
2018-11-26,11354.7197265625,4939.3752870457565
2018-11-27,11309.1103515625,4939.3752870457565
2018-11-28,11298.8798828125,4939.3752870457565
2018-11-29,11298.23046875,4939.3752870457565
2018-11-30,11257.240234375,4939.3752870457565
2018-12-03,11465.4599609375,4939.3752870457565
2018-12-04,11335.3203125,4939.3752870457565
2018-12-05,11200.240234375,4939.3752870457565
2018-12-06,10810.98046875,4939.3752870457565
2018-12-07,10788.08984375,4939.3752870457565
2018-12-10,10622.0703125,4939.3752870457565
2018-12-11,10780.509765625,4939.3752870457565
2018-12-12,10929.4296875,4939.3752870457565
2018-12-13,10924.7001953125,4939.3752870457565
2018-12-14,10865.76953125,4939.3752870457565
2018-12-17,10772.2001953125,4939.3752870457565
2018-12-18,10740.8896484375,4939.3752870457565
2018-12-19,10766.2099609375,4939.3752870457565
2018-12-20,10611.099609375,4939.3752870457565
2018-12-21,10633.8203125,4939.3752870457565
2018-12-27,10381.509765625,4939.3752870457565
2018-12-28,10558.9599609375,4088.4710457471933
2019-01-02,10580.1904296875,4088.4710457471933
2019-01-03,10416.66015625,4088.4710457471933
2019-01-04,10767.6904296875,4088.4710457471933
2019-01-07,10747.8095703125,4088.4710457471933
2019-01-08,10803.98046875,4088.4710457471933
2019-01-09,10893.3203125,4088.4710457471933
2019-01-10,10921.58984375,4088.4710457471933
2019-01-11,10887.4599609375,4088.4710457471933
2019-01-14,10855.91015625,4088.4710457471933
2019-01-15,10891.7900390625,4088.4710457471933
2019-01-16,10931.240234375,4088.4710457471933
2019-01-17,10918.6201171875,4088.4710457471933
2019-01-18,11205.5400390625,4088.4710457471933
2019-01-21,11136.2001953125,4088.4710457471933
2019-01-22,11090.1103515625,4088.4710457471933
2019-01-23,11071.5400390625,4088.4710457471933
2019-01-24,11130.1796875,4086.0025923303797
2019-01-25,11281.7900390625,4153.250938870408
2019-01-28,11210.3095703125,4121.545034334185
2019-01-29,11218.830078125,4125.324394095355
2019-01-30,11181.66015625,4108.837289083364
2019-01-31,11173.099609375,4105.040169580051
2019-02-01,11180.66015625,4108.393728694202
2019-02-04,11176.580078125,4106.583967653266
2019-02-05,11367.98046875,4191.481599404624
2019-02-06,11324.7197265625,4172.2928477645055
2019-02-07,11022.01953125,4039.381310835151
2019-02-08,10906.7802734375,4039.381310835151
2019-02-11,11014.58984375,4039.381310835151
2019-02-12,11126.080078125,4039.381310835151
2019-02-13,11167.2197265625,4039.381310835151
2019-02-14,11089.7900390625,4039.381310835151
2019-02-15,11299.7998046875,4039.381310835151
2019-02-18,11299.2001953125,4039.381310835151
2019-02-19,11309.2099609375,4039.381310835151
2019-02-20,11401.9697265625,4039.381310835151
2019-02-21,11423.2802734375,4039.381310835151
2019-02-22,11457.7001953125,4039.381310835151
2019-02-25,11505.3896484375,4039.381310835151
2019-02-26,11540.7900390625,4039.381310835151
2019-02-27,11487.330078125,4039.381310835151
2019-02-28,11515.6396484375,4039.381310835151
2019-03-01,11601.6796875,4039.381310835151
2019-03-04,11592.66015625,4039.381310835151
2019-03-05,11620.740234375,4039.381310835151
2019-03-06,11587.6298828125,4039.381310835151
2019-03-07,11517.7998046875,4039.381310835151
2019-03-08,11457.83984375,4039.381310835151
2019-03-11,11543.48046875,4039.381310835151
2019-03-12,11524.169921875,4039.381310835151
2019-03-13,11572.41015625,4039.381310835151
2019-03-14,11587.4697265625,4039.381310835151
2019-03-15,11685.6904296875,4039.381310835151
2019-03-18,11657.0595703125,4039.381310835151
2019-03-19,11788.41015625,4039.381310835151
2019-03-20,11603.8896484375,4039.381310835151
2019-03-21,11549.9599609375,4039.381310835151
2019-03-22,11364.169921875,4039.381310835151
2019-03-25,11346.650390625,4039.381310835151
2019-03-26,11419.48046875,4039.381310835151
2019-03-27,11419.0400390625,4039.381310835151
2019-03-28,11428.16015625,4039.381310835151
2019-03-29,11526.0400390625,4039.381310835151
2019-04-01,11681.990234375,4039.381310835151
2019-04-02,11754.7900390625,4039.381310835151
2019-04-03,11954.400390625,4039.381310835151
2019-04-04,11988.009765625,4039.381310835151
2019-04-05,12009.75,4039.381310835151
2019-04-08,11963.400390625,4039.381310835151
2019-04-09,11850.5703125,4039.381310835151
2019-04-10,11905.91015625,4039.381310835151
2019-04-11,11935.2001953125,4039.381310835151
2019-04-12,11999.9296875,4039.381310835151
2019-04-15,12020.2802734375,4039.381310835151
2019-04-16,12101.3203125,4039.381310835151
2019-04-17,12153.0703125,4039.381310835151
2019-04-18,12222.3896484375,4039.381310835151
2019-04-23,12235.509765625,4039.381310835151
2019-04-24,12313.16015625,4039.381310835151
2019-04-25,12282.599609375,4039.381310835151
2019-04-26,12315.1796875,4039.381310835151
2019-04-29,12328.01953125,4039.381310835151
2019-04-30,12344.080078125,4039.381310835151
2019-05-02,12345.419921875,4039.381310835151
2019-05-03,12412.75,4039.381310835151
2019-05-06,12286.8798828125,4039.381310835151
2019-05-07,12092.740234375,4039.381310835151
2019-05-08,12179.9296875,4039.381310835151
2019-05-09,11973.919921875,4039.381310835151
2019-05-10,12059.830078125,4039.381310835151
2019-05-13,11876.650390625,4039.381310835151
2019-05-14,11991.6201171875,4039.381310835151
2019-05-15,12099.5703125,4039.381310835151
2019-05-16,12310.3701171875,4039.381310835151
2019-05-17,12238.9404296875,4039.381310835151
2019-05-20,12041.2900390625,4039.381310835151
2019-05-21,12143.4697265625,4039.381310835151
2019-05-22,12168.740234375,4039.381310835151
2019-05-23,11952.41015625,4039.381310835151
2019-05-24,12011.0400390625,4039.381310835151
2019-05-27,12071.1796875,4039.381310835151
2019-05-28,12027.0498046875,4039.381310835151
2019-05-29,11837.8095703125,4039.381310835151
2019-05-30,11902.080078125,4039.381310835151
2019-05-31,11726.83984375,4039.381310835151
2019-06-03,11792.8095703125,4036.937390019492
2019-06-04,11971.169921875,3963.0112279335376
2019-06-05,11980.8095703125,3959.0158208455864
2019-06-06,11953.1396484375,13923.055414061253
2019-06-07,12045.3798828125,13923.055414061253
2019-06-11,12155.8095703125,13923.055414061253
2019-06-12,12115.6796875,13923.055414061253
2019-06-13,12169.0498046875,13923.055414061253
2019-06-14,12096.400390625,13923.055414061253
2019-06-17,12085.8203125,13923.055414061253
2019-06-18,12331.75,13915.672125877665
2019-06-19,12308.5302734375,13887.867810552581
2019-06-20,12355.3896484375,13943.979274007132
2019-06-21,12339.919921875,13925.455147369428
2019-06-24,12274.5703125,13847.202669221471
2019-06-25,12228.4404296875,13791.964731592208
2019-06-26,12245.3203125,13812.177440949741
2019-06-27,12271.0302734375,13842.963671742671
2019-06-28,12398.7998046875,13995.96049219406
2019-07-01,12521.3798828125,14142.743234686184
2019-07-02,12526.7197265625,14149.137396952137
2019-07-03,12616.240234375,14256.333165196034
2019-07-04,12629.900390625,14272.690433260437
2019-07-05,12568.5302734375,14199.203172967958
2019-07-08,12543.509765625,14169.242523477105
2019-07-09,12436.5498046875,14041.163991929372
2019-07-10,12373.41015625,13965.5578175868
2019-07-11,12332.1201171875,13916.11532037269
2019-07-12,12323.3203125,13905.578049674354
2019-07-15,12387.33984375,13982.237834148898
2019-07-16,12430.9697265625,14034.482162524168
2019-07-17,12341.0302734375,13926.784730854504
2019-07-18,12227.849609375,13842.00554070221
2019-07-19,12260.0703125,13842.00554070221
2019-07-22,12289.400390625,13842.00554070221
2019-07-23,12490.740234375,13842.00554070221
2019-07-24,12522.8896484375,13842.00554070221
2019-07-25,12362.099609375,13842.00554070221
2019-07-26,12419.900390625,13842.00554070221
2019-07-29,12417.4697265625,13842.00554070221
2019-07-30,12147.240234375,13842.00554070221
2019-07-31,12189.0400390625,13842.00554070221
2019-08-01,12253.150390625,13842.00554070221
2019-08-02,11872.4404296875,13842.00554070221
2019-08-05,11658.509765625,13842.00554070221
2019-08-06,11567.9599609375,13842.00554070221
2019-08-07,11650.150390625,13842.00554070221
2019-08-08,11845.41015625,13842.00554070221
2019-08-09,11693.7998046875,13842.00554070221
2019-08-12,11679.6796875,13842.00554070221
2019-08-13,11750.1298828125,13842.00554070221
2019-08-14,11492.66015625,13842.00554070221
2019-08-15,11412.669921875,13842.00554070221
2019-08-16,11562.740234375,13842.00554070221
2019-08-19,11715.3701171875,13842.00554070221
2019-08-20,11651.1796875,13842.00554070221
2019-08-21,11802.849609375,13842.00554070221
2019-08-22,11747.0400390625,13842.00554070221
2019-08-23,11611.509765625,13842.00554070221
2019-08-26,11658.0400390625,13842.00554070221
2019-08-27,11730.01953125,13842.00554070221
2019-08-28,11701.01953125,13842.00554070221
2019-08-29,11838.8798828125,13842.00554070221
2019-08-30,11939.2802734375,13842.00554070221
2019-09-02,11953.7802734375,13842.00554070221
2019-09-03,11910.8603515625,13842.00554070221
2019-09-04,12025.0400390625,13842.00554070221
2019-09-05,12126.7802734375,13842.00554070221
2019-09-06,12191.73046875,13842.00554070221
2019-09-09,12226.099609375,13842.00554070221
2019-09-10,12268.7099609375,13842.00554070221
2019-09-11,12359.0703125,13842.00554070221
2019-09-12,12410.25,13842.00554070221
2019-09-13,12468.5302734375,13842.00554070221
2019-09-16,12380.3095703125,13842.00554070221
2019-09-17,12372.6103515625,13842.00554070221
2019-09-18,12389.6201171875,13842.00554070221
2019-09-19,12457.7001953125,13842.00554070221
2019-09-20,12468.009765625,13842.00554070221
2019-09-23,12342.330078125,13842.00554070221
2019-09-24,12307.150390625,13842.00554070221
2019-09-25,12234.1796875,13842.00554070221
2019-09-26,12288.5400390625,13842.00554070221
2019-09-27,12380.9404296875,13842.00554070221
2019-09-30,12428.080078125,13842.00554070221
2019-10-01,12263.830078125,13842.00554070221
2019-10-02,11925.25,13842.00554070221
2019-10-04,12012.8095703125,13842.00554070221
2019-10-07,12097.4296875,13842.00554070221
2019-10-08,11970.2001953125,13842.00554070221
2019-10-09,12094.259765625,13842.00554070221
2019-10-10,12164.2001953125,13842.00554070221
2019-10-11,12511.650390625,13842.00554070221
2019-10-14,12486.5595703125,13842.00554070221
2019-10-15,12629.7900390625,13842.00554070221
2019-10-16,12670.1103515625,13842.00554070221
2019-10-17,12654.9501953125,13842.00554070221
2019-10-18,12633.599609375,13842.00554070221
2019-10-21,12747.9599609375,13842.00554070221
2019-10-22,12754.6904296875,13842.00554070221
2019-10-23,12798.1904296875,13842.00554070221
2019-10-24,12872.099609375,13842.00554070221
2019-10-25,12894.509765625,13842.00554070221
2019-10-28,12941.7099609375,13842.00554070221
2019-10-29,12939.6201171875,13842.00554070221
2019-10-30,12910.23046875,13842.00554070221
2019-10-31,12866.7900390625,13842.00554070221
2019-11-01,12961.0498046875,13842.00554070221
2019-11-04,13136.2802734375,13842.00554070221
2019-11-05,13148.5,13842.00554070221
2019-11-06,13179.8896484375,13842.00554070221
2019-11-07,13289.4599609375,13842.00554070221
2019-11-08,13228.5595703125,13842.00554070221
2019-11-11,13198.3701171875,13842.00554070221
2019-11-12,13283.509765625,13842.00554070221
2019-11-13,13230.0703125,13842.00554070221
2019-11-14,13180.23046875,13842.00554070221
2019-11-15,13241.75,13842.00554070221
2019-11-18,13207.009765625,13842.00554070221
2019-11-19,13221.1201171875,13842.00554070221
2019-11-20,13158.1396484375,13842.00554070221
2019-11-21,13137.7001953125,13842.00554070221
2019-11-22,13163.8798828125,13842.00554070221
2019-11-25,13246.4501953125,13842.00554070221
2019-11-26,13236.419921875,13842.00554070221
2019-11-27,13287.0703125,13842.00554070221
2019-11-28,13245.580078125,13842.00554070221
2019-11-29,13236.3798828125,13842.00554070221
2019-12-02,12964.6796875,13842.00554070221
2019-12-03,12989.2900390625,13842.00554070221
2019-12-04,13140.5703125,13842.00554070221
2019-12-05,13054.7998046875,13842.00554070221
2019-12-06,13166.580078125,13842.00554070221
2019-12-09,13105.6103515625,13842.00554070221
2019-12-10,13070.7197265625,13842.00554070221
2019-12-11,13146.740234375,13842.00554070221
2019-12-12,13221.6396484375,13842.00554070221
2019-12-13,13282.7197265625,13842.00554070221
2019-12-16,13407.66015625,13842.00554070221
2019-12-17,13287.830078125,13842.00554070221
2019-12-18,13222.16015625,13842.00554070221
2019-12-19,13211.9599609375,13842.00554070221
2019-12-20,13318.900390625,13842.00554070221
2019-12-23,13300.98046875,13842.00554070221
2019-12-27,13337.1103515625,13842.00554070221
2019-12-30,13249.009765625,11306.086572013906
2020-01-02,13385.9296875,11306.086572013906
2020-01-03,13219.1396484375,11306.086572013906
2020-01-06,13126.990234375,11306.086572013906
2020-01-07,13226.830078125,11306.086572013906
2020-01-08,13320.1796875,11306.086572013906
2020-01-09,13495.0595703125,11306.086572013906
2020-01-10,13483.3095703125,11306.086572013906
2020-01-13,13451.51953125,11306.086572013906
2020-01-14,13456.490234375,11306.086572013906
2020-01-15,13432.2998046875,11306.086572013906
2020-01-16,13429.4296875,11306.086572013906
2020-01-17,13526.1298828125,11306.086572013906
2020-01-20,13548.9404296875,11306.086572013906
2020-01-21,13555.8701171875,11306.086572013906
2020-01-22,13515.75,11306.086572013906
2020-01-23,13388.419921875,11306.086572013906
2020-01-24,13576.6796875,11306.086572013906
2020-01-27,13204.76953125,11306.086572013906
2020-01-28,13323.6904296875,11306.086572013906
2020-01-29,13345.0,11306.086572013906
2020-01-30,13157.1201171875,11306.086572013906
2020-01-31,12981.9697265625,11306.086572013906
2020-02-03,13045.1904296875,11306.086572013906
2020-02-04,13281.740234375,11306.086572013906
2020-02-05,13478.330078125,11298.743788514656
2020-02-06,13574.8203125,11193.61104629795
2020-02-07,13513.8095703125,11260.086443237293
2020-02-10,13494.0302734375,11281.6373466324
2020-02-11,13627.83984375,11135.842622918506
2020-02-12,13749.7802734375,11002.980143692817
2020-02-13,13745.4296875,11007.720406091614
2020-02-14,13744.2099609375,11009.049382014418
2020-02-17,13783.8896484375,10965.815635260687
2020-02-18,13681.1904296875,11077.713492703328
2020-02-19,13789.0,10960.247555994043
2020-02-20,13664.0,11096.443647362365
2020-02-21,13579.330078125,11188.697346689052
2020-02-24,13035.240234375,11781.520627264652
2020-02-25,12790.490234375,12048.192574163824
2020-02-26,12774.8798828125,39857.48626912278
2020-02-27,12367.4599609375,39857.48626912278
2020-02-28,11890.349609375,39857.48626912278
2020-03-02,11857.8701171875,39857.48626912278
2020-03-03,11985.3896484375,39857.48626912278
2020-03-04,12127.6904296875,39857.48626912278
2020-03-05,11944.7197265625,39857.48626912278
2020-03-06,11541.8701171875,39857.48626912278
2020-03-09,10625.01953125,39857.48626912278
2020-03-10,10475.490234375,39857.48626912278
2020-03-11,10438.6796875,39857.48626912278
2020-03-12,9161.1298828125,39857.48626912278
2020-03-13,9232.080078125,39857.48626912278
2020-03-16,8742.25,39857.48626912278
2020-03-17,8939.099609375,39857.48626912278
2020-03-18,8441.7099609375,39857.48626912278
2020-03-19,8610.4296875,39857.48626912278
2020-03-20,8928.9501953125,39857.48626912278
2020-03-23,8741.150390625,39857.48626912278
2020-03-24,9700.5703125,39857.48626912278
2020-03-25,9874.259765625,39857.48626912278
2020-03-26,10000.9599609375,39857.48626912278
2020-03-27,9632.51953125,39857.48626912278
2020-03-30,9815.9697265625,39857.48626912278
2020-03-31,9935.83984375,39857.48626912278
2020-04-01,9544.75,39857.48626912278
2020-04-02,9570.8203125,39857.48626912278
2020-04-03,9525.76953125,39857.48626912278
2020-04-06,10075.169921875,39857.48626912278
2020-04-07,10356.7001953125,39857.48626912278
2020-04-08,10332.8896484375,39857.48626912278
2020-04-09,10564.740234375,39857.48626912278
2020-04-14,10696.5595703125,39857.48626912278
2020-04-15,10279.759765625,39857.48626912278
2020-04-16,10301.5400390625,39857.48626912278
2020-04-17,10625.7802734375,39857.48626912278
2020-04-20,10675.900390625,39857.48626912278
2020-04-21,10249.849609375,39857.48626912278
2020-04-22,10415.0302734375,39857.48626912278
2020-04-23,10513.7900390625,39857.48626912278
2020-04-24,10336.08984375,39857.48626912278
2020-04-27,10659.990234375,39857.48626912278
2020-04-28,10795.6298828125,39857.48626912278
2020-04-29,11107.740234375,39857.48626912278
2020-04-30,10861.6396484375,39857.48626912278
2020-05-04,10466.7998046875,39835.874920057766
2020-05-05,10729.4599609375,40920.531248279476
2020-05-06,10606.2001953125,40411.52947690677
2020-05-07,10759.26953125,41043.63000654813
2020-05-08,10904.48046875,41643.27924355106
2020-05-11,10824.990234375,41315.02395360671
2020-05-12,10819.5,41292.35200540077
2020-05-13,10542.66015625,40597.789225410495
2020-05-14,10337.01953125,40597.789225410495
2020-05-15,10465.169921875,40597.789225410495
2020-05-18,11058.8701171875,40597.789225410495
2020-05-19,11075.2900390625,40597.789225410495
2020-05-20,11223.7099609375,40597.789225410495
2020-05-21,11065.9296875,40597.789225410495
2020-05-22,11073.8701171875,40597.789225410495
2020-05-25,11391.2802734375,40597.789225410495
2020-05-26,11504.650390625,40597.789225410495
2020-05-27,11657.6904296875,40597.789225410495
2020-05-28,11781.1298828125,40597.789225410495
2020-05-29,11586.849609375,40597.789225410495
2020-06-02,12021.2802734375,40597.789225410495
2020-06-03,12487.3603515625,40597.789225410495
2020-06-04,12430.5595703125,40597.789225410495
2020-06-05,12847.6796875,40597.789225410495
2020-06-08,12819.58984375,40597.789225410495
2020-06-09,12617.990234375,40597.789225410495
2020-06-10,12530.16015625,40597.789225410495
2020-06-11,11970.2900390625,40597.789225410495
2020-06-12,11949.2802734375,40597.789225410495
2020-06-15,11911.349609375,40597.789225410495
2020-06-16,12315.66015625,40597.789225410495
2020-06-17,12382.1396484375,40597.789225410495
2020-06-18,12281.5302734375,40597.789225410495
2020-06-19,12330.759765625,40597.789225410495
2020-06-22,12262.9697265625,40597.789225410495
2020-06-23,12523.759765625,40597.789225410495
2020-06-24,12093.9404296875,40597.789225410495
2020-06-25,12177.8701171875,40597.789225410495
2020-06-26,12089.3896484375,40597.789225410495
2020-06-29,12232.1201171875,40597.789225410495
2020-06-30,12310.9296875,40597.789225410495
2020-07-01,12260.5703125,40597.789225410495
2020-07-02,12608.4599609375,40597.789225410495
2020-07-03,12528.1796875,40597.789225410495
2020-07-06,12733.4501953125,40597.789225410495
2020-07-07,12616.7998046875,40597.789225410495
2020-07-08,12494.8095703125,40597.789225410495
2020-07-09,12489.4599609375,40597.789225410495
2020-07-10,12633.7099609375,40597.789225410495
2020-07-13,12799.9697265625,40597.789225410495
2020-07-14,12697.3603515625,40597.789225410495
2020-07-15,12930.98046875,40597.789225410495
2020-07-16,12874.9697265625,40597.789225410495
2020-07-17,12919.6103515625,40597.789225410495
2020-07-20,13046.919921875,40597.789225410495
2020-07-21,13171.830078125,40597.789225410495
2020-07-22,13104.25,40597.789225410495
2020-07-23,13103.3896484375,40597.789225410495
2020-07-24,12838.0595703125,40597.789225410495
2020-07-27,12838.66015625,40597.789225410495
2020-07-28,12835.2802734375,40597.789225410495
2020-07-29,12822.259765625,40597.789225410495
2020-07-30,12379.650390625,40597.789225410495
2020-07-31,12313.3603515625,40597.789225410495
2020-08-03,12646.98046875,40597.789225410495
2020-08-04,12600.8701171875,40597.789225410495
2020-08-05,12660.25,40597.789225410495
2020-08-06,12591.6796875,40597.789225410495
2020-08-07,12674.8798828125,40597.789225410495
2020-08-10,12687.5302734375,40597.789225410495
2020-08-11,12946.8896484375,40597.789225410495
2020-08-12,13058.6298828125,40597.789225410495
2020-08-13,12993.7099609375,40597.789225410495
2020-08-14,12901.33984375,40597.789225410495
2020-08-17,12920.66015625,40597.789225410495
2020-08-18,12881.759765625,40597.789225410495
2020-08-19,12977.330078125,40597.789225410495
2020-08-20,12830.0,40597.789225410495
2020-08-21,12764.7998046875,40597.789225410495
2020-08-24,13066.5400390625,40597.789225410495
2020-08-25,13061.6201171875,40597.789225410495
2020-08-26,13190.150390625,40597.789225410495
2020-08-27,13096.3603515625,40597.789225410495
2020-08-28,13033.2001953125,40597.789225410495
2020-08-31,12945.3798828125,40597.789225410495
2020-09-01,12974.25,40597.789225410495
2020-09-02,13243.4296875,40597.789225410495
2020-09-03,13057.76953125,40597.789225410495
2020-09-04,12842.66015625,40597.789225410495
2020-09-07,13100.2802734375,40597.789225410495
2020-09-08,12968.330078125,40597.789225410495
2020-09-09,13237.2099609375,40597.789225410495
2020-09-10,13208.8896484375,40597.789225410495
2020-09-11,13202.83984375,40597.789225410495
2020-09-14,13193.66015625,40597.789225410495
2020-09-15,13217.669921875,40597.789225410495
2020-09-16,13255.3701171875,40597.789225410495
2020-09-17,13208.1201171875,40597.789225410495
2020-09-18,13116.25,40597.789225410495
2020-09-21,12542.4404296875,40597.789225410495
2020-09-22,12594.3896484375,40597.789225410495
2020-09-23,12642.9697265625,40597.789225410495
2020-09-24,12606.5703125,40597.789225410495
2020-09-25,12469.2001953125,40597.789225410495
2020-09-28,12870.8701171875,40597.789225410495
2020-09-29,12825.8203125,40597.789225410495
2020-09-30,12760.73046875,40597.789225410495
2020-10-01,12730.76953125,40597.789225410495
2020-10-02,12689.0400390625,40597.789225410495
2020-10-05,12828.3095703125,40597.789225410495
2020-10-06,12906.01953125,40597.789225410495
2020-10-07,12928.5703125,40597.789225410495
2020-10-08,13042.2099609375,40597.789225410495
2020-10-09,13051.23046875,40597.789225410495
2020-10-12,13138.41015625,40597.789225410495
2020-10-13,13018.990234375,40597.789225410495
2020-10-14,13028.0595703125,40597.789225410495
2020-10-15,12703.75,40597.789225410495
2020-10-16,12908.990234375,40575.807909850584
2020-10-19,12854.66015625,40390.78234704854
2020-10-20,12736.9501953125,39989.91136505292
2020-10-21,12557.6396484375,39630.961012614694
2020-10-22,12543.0595703125,39630.961012614694
2020-10-23,12645.75,39630.961012614694
2020-10-26,12177.1796875,39630.961012614694
2020-10-27,12063.5703125,39630.961012614694
2020-10-28,11560.509765625,39630.961012614694
2020-10-29,11598.0703125,39630.961012614694
2020-10-30,11556.48046875,39630.961012614694
2020-11-02,11788.2802734375,39630.961012614694
2020-11-03,12088.98046875,39630.961012614694
2020-11-04,12324.2197265625,39630.961012614694
2020-11-05,12568.08984375,39630.961012614694
2020-11-06,12480.01953125,39630.961012614694
2020-11-09,13095.9697265625,39630.961012614694
2020-11-10,13163.1103515625,39630.961012614694
2020-11-11,13216.1796875,39630.961012614694
2020-11-12,13052.9501953125,39630.961012614694
2020-11-13,13076.7197265625,39630.961012614694
2020-11-16,13138.6103515625,39609.46286957491
2020-11-17,13133.4697265625,39592.64010238618
2020-11-18,13201.8896484375,39816.54525336959
2020-11-19,13086.16015625,39437.818872056036
2020-11-20,13137.25,39605.01110006619
2020-11-23,13126.9697265625,39571.368761503174
2020-11-24,13292.4404296875,40112.8739510914
2020-11-25,13289.7998046875,40104.232468857685
2020-11-26,13286.5703125,40093.663910519324
2020-11-27,13335.6796875,40254.37502685419
2020-11-30,13291.16015625,40108.6842383664
2020-12-01,13382.2998046875,40406.94001219285
2020-12-02,13313.240234375,40180.94160275415
2020-12-03,13252.8603515625,39983.34759201862
2020-12-04,13298.9599609375,40134.20920826313
2020-12-07,13271.0,40042.70984515893
2020-12-08,13278.490234375,40067.22174187959
2020-12-09,13340.259765625,40269.36339655692
2020-12-10,13295.73046875,40123.64064992477
2020-12-11,13114.2998046875,39299.7861208138
2020-12-14,13223.16015625,39299.7861208138
2020-12-15,13362.8701171875,39299.7861208138
2020-12-16,13565.98046875,39299.7861208138
2020-12-17,13667.25,39299.7861208138
2020-12-18,13630.509765625,39299.7861208138
2020-12-21,13246.2998046875,39299.7861208138
2020-12-22,13418.1103515625,39299.7861208138
2020-12-23,13587.23046875,39299.7861208138
2020-12-28,13790.2900390625,39299.7861208138
2020-12-29,13761.3798828125,39299.7861208138
2020-12-30,13718.7802734375,32021.424238125826
2021-01-04,13726.740234375,32021.424238125826
2021-01-05,13651.2197265625,32021.424238125826
2021-01-06,13891.9697265625,32021.424238125826
2021-01-07,13968.240234375,32021.424238125826
2021-01-08,14049.5302734375,32021.424238125826
2021-01-11,13936.66015625,32021.424238125826
2021-01-12,13925.0595703125,32021.424238125826
2021-01-13,13939.7099609375,32021.424238125826
2021-01-14,13988.7001953125,32021.424238125826
2021-01-15,13787.73046875,32021.424238125826
2021-01-18,13848.349609375,32021.424238125826
2021-01-19,13815.0595703125,32021.424238125826
2021-01-20,13921.3701171875,32021.424238125826
2021-01-21,13906.669921875,32021.424238125826
2021-01-22,13873.9697265625,32021.424238125826
2021-01-25,13643.9501953125,32021.424238125826
2021-01-26,13870.990234375,32021.424238125826
2021-01-27,13620.4599609375,32021.424238125826
2021-01-28,13665.9296875,32021.424238125826
2021-01-29,13432.8701171875,32021.424238125826
2021-02-01,13622.01953125,32021.424238125826
2021-02-02,13835.16015625,32021.424238125826
2021-02-03,13933.6298828125,32021.424238125826
2021-02-04,14060.2900390625,32021.424238125826
2021-02-05,14056.7197265625,32021.424238125826
2021-02-08,14059.91015625,32021.424238125826
2021-02-09,14011.7998046875,32021.424238125826
2021-02-10,13932.9697265625,32021.424238125826
2021-02-11,14040.91015625,32021.424238125826
2021-02-12,14049.8896484375,32021.424238125826
2021-02-15,14109.48046875,32021.424238125826
2021-02-16,14064.599609375,32021.424238125826
2021-02-17,13909.26953125,32021.424238125826
2021-02-18,13886.9296875,32021.424238125826
2021-02-19,13993.23046875,32021.424238125826
2021-02-22,13950.0400390625,32021.424238125826
2021-02-23,13864.8095703125,32021.424238125826
2021-02-24,13976.0,32021.424238125826
2021-02-25,13879.330078125,32021.424238125826
2021-02-26,13786.2900390625,32021.424238125826
2021-03-01,14012.8203125,32021.424238125826
2021-03-02,14039.7998046875,32021.424238125826
2021-03-03,14080.0302734375,32021.424238125826
2021-03-04,14056.33984375,32021.424238125826
2021-03-05,13920.6904296875,32021.424238125826
2021-03-08,14380.91015625,32021.424238125826
2021-03-09,14437.9404296875,32021.424238125826
2021-03-10,14540.25,32021.424238125826
2021-03-11,14569.3896484375,32021.424238125826
2021-03-12,14502.3896484375,32021.424238125826
2021-03-15,14461.419921875,32021.424238125826
2021-03-16,14557.580078125,32021.424238125826
2021-03-17,14596.6103515625,32021.424238125826
2021-03-18,14775.51953125,32021.424238125826
2021-03-19,14621.0,32021.424238125826
2021-03-22,14657.2099609375,32021.424238125826
2021-03-23,14662.01953125,32021.424238125826
2021-03-24,14610.3896484375,32021.424238125826
2021-03-25,14621.3603515625,32021.424238125826
2021-03-26,14748.9404296875,32021.424238125826
2021-03-29,14817.7197265625,32021.424238125826
2021-03-30,15008.6103515625,32021.424238125826
2021-03-31,15008.33984375,32021.424238125826
2021-04-01,15107.169921875,32021.424238125826
2021-04-06,15212.6796875,32021.424238125826
2021-04-07,15176.3603515625,32021.424238125826
2021-04-08,15202.6796875,32021.424238125826
2021-04-09,15234.16015625,32021.424238125826
2021-04-12,15215.0,32021.424238125826
2021-04-13,15234.3603515625,32021.424238125826
2021-04-14,15209.150390625,32021.424238125826
2021-04-15,15255.330078125,32021.424238125826
2021-04-16,15459.75,32021.424238125826
2021-04-19,15368.3896484375,32021.424238125826
2021-04-20,15129.509765625,32021.424238125826
2021-04-21,15195.9697265625,32021.424238125826
2021-04-22,15320.51953125,32021.424238125826
2021-04-23,15279.6201171875,32021.424238125826
2021-04-26,15296.33984375,32021.424238125826
2021-04-27,15249.26953125,32021.424238125826
2021-04-28,15292.1796875,32021.424238125826
2021-04-29,15154.2001953125,32021.424238125826
2021-04-30,15135.91015625,32021.424238125826
2021-05-03,15236.4697265625,32021.424238125826
2021-05-04,14856.48046875,32021.424238125826
2021-05-05,15170.7802734375,32021.424238125826
2021-05-06,15196.740234375,32021.424238125826
2021-05-07,15399.650390625,32021.424238125826
2021-05-10,15400.41015625,32021.424238125826
2021-05-11,15119.75,32021.424238125826
2021-05-12,15150.2197265625,32021.424238125826
2021-05-13,15199.6796875,32021.424238125826
2021-05-14,15416.6396484375,32021.424238125826
2021-05-17,15396.6201171875,32021.424238125826
2021-05-18,15386.580078125,32021.424238125826
2021-05-19,15113.5595703125,32021.424238125826
2021-05-20,15370.259765625,32021.424238125826
2021-05-21,15437.509765625,32021.424238125826
2021-05-25,15465.08984375,32021.424238125826
2021-05-26,15450.7197265625,32021.424238125826
2021-05-27,15406.73046875,32021.424238125826
2021-05-28,15519.98046875,32021.424238125826
2021-05-31,15421.1298828125,32021.424238125826
2021-06-01,15567.3603515625,32021.424238125826
2021-06-02,15602.7099609375,32021.424238125826
2021-06-03,15632.669921875,32021.424238125826
2021-06-04,15692.900390625,32021.424238125826
2021-06-07,15677.150390625,32021.424238125826
2021-06-08,15640.599609375,32021.424238125826
2021-06-09,15581.1396484375,32021.424238125826
2021-06-10,15571.2197265625,32021.424238125826
2021-06-11,15693.26953125,32021.424238125826
2021-06-14,15673.6396484375,32021.424238125826
2021-06-15,15729.51953125,32021.424238125826
2021-06-16,15710.5703125,32021.424238125826
2021-06-17,15727.669921875,32021.424238125826
2021-06-18,15448.0400390625,32021.424238125826
2021-06-21,15603.240234375,32021.424238125826
2021-06-22,15636.330078125,32021.424238125826
2021-06-23,15456.3896484375,32021.424238125826
2021-06-24,15589.23046875,32021.424238125826
2021-06-25,15607.9697265625,32021.424238125826
2021-06-28,15554.1796875,32021.424238125826
2021-06-29,15690.58984375,32021.424238125826
2021-06-30,15531.0400390625,32021.424238125826
2021-07-01,15603.8095703125,32021.424238125826
2021-07-02,15650.08984375,32021.424238125826
2021-07-05,15661.9697265625,32021.424238125826
2021-07-06,15511.3798828125,32021.424238125826
2021-07-07,15692.7099609375,32021.424238125826
2021-07-08,15420.6396484375,32021.424238125826
2021-07-09,15687.9296875,32021.424238125826
2021-07-12,15790.509765625,32021.424238125826
2021-07-13,15789.6396484375,32021.424238125826
2021-07-14,15788.98046875,32021.424238125826
2021-07-15,15629.66015625,32021.424238125826
2021-07-16,15540.3095703125,32021.424238125826
2021-07-19,15133.2001953125,32021.424238125826
2021-07-20,15216.26953125,32021.424238125826
2021-07-21,15422.5,32021.424238125826
2021-07-22,15514.5400390625,32021.424238125826
2021-07-23,15669.2900390625,32000.091599779593
2021-07-26,15618.98046875,32137.077495905734
2021-07-27,15519.1298828125,32408.956621654685
2021-07-28,15570.3603515625,32269.463248384174
2021-07-29,15640.4697265625,32078.565264132612
2021-07-30,15544.3896484375,32340.177826515242
2021-08-02,15568.73046875,32273.901190435037
2021-08-03,15555.080078125,32311.069287491377
2021-08-04,15692.1298828125,31937.9019121309
2021-08-05,15744.669921875,31794.842762772776
2021-08-06,15761.4501953125,31749.152434276646
2021-08-09,15745.41015625,31792.82720850402
2021-08-10,15770.7099609375,31723.939392619173
2021-08-11,15826.08984375,117899.81299813424
2021-08-12,15937.509765625,117899.81299813424
2021-08-13,15977.4404296875,117899.81299813424
2021-08-16,15925.73046875,117899.81299813424
2021-08-17,15921.9501953125,117899.81299813424
2021-08-18,15965.9697265625,117899.81299813424
2021-08-19,15765.8095703125,117899.81299813424
2021-08-20,15808.0400390625,117899.81299813424
2021-08-23,15852.7900390625,117899.81299813424
2021-08-24,15905.849609375,117899.81299813424
2021-08-25,15860.66015625,117899.81299813424
2021-08-26,15793.6201171875,117899.81299813424
2021-08-27,15851.75,117899.81299813424
2021-08-30,15887.3095703125,117899.81299813424
2021-08-31,15835.08984375,117899.81299813424
2021-09-01,15824.2900390625,117899.81299813424
2021-09-02,15840.58984375,117899.81299813424
2021-09-03,15781.2001953125,117899.81299813424
2021-09-06,15932.1201171875,117899.81299813424
2021-09-07,15843.08984375,117899.81299813424
2021-09-08,15610.2802734375,117899.81299813424
2021-09-09,15623.150390625,117899.81299813424
2021-09-10,15609.8095703125,117899.81299813424
2021-09-13,15701.419921875,117899.81299813424
2021-09-14,15722.990234375,117899.81299813424
2021-09-15,15616.0,117899.81299813424
2021-09-16,15651.75,117835.56262427576
2021-09-17,15490.169921875,119162.13382910754
2021-09-20,15132.0595703125,122102.21707481242
2021-09-21,15348.5302734375,120324.99425880931
2021-09-22,15506.740234375,373282.0026190458
2021-09-23,15643.9697265625,373282.0026190458
2021-09-24,15531.75,373282.0026190458
2021-09-27,15573.8798828125,373282.0026190458
2021-09-28,15248.5595703125,373282.0026190458
2021-09-29,15365.26953125,373282.0026190458
2021-09-30,15260.6904296875,373282.0026190458
2021-10-01,15156.4404296875,373282.0026190458
2021-10-04,15036.5498046875,373282.0026190458
2021-10-05,15194.490234375,373282.0026190458
2021-10-06,14973.330078125,373282.0026190458
2021-10-07,15250.8603515625,373282.0026190458
2021-10-08,15206.1298828125,373282.0026190458
2021-10-11,15199.1396484375,373282.0026190458
2021-10-12,15146.8701171875,373282.0026190458
2021-10-13,15249.3798828125,373282.0026190458
2021-10-14,15462.7197265625,373282.0026190458
2021-10-15,15587.3603515625,373282.0026190458
2021-10-18,15474.4697265625,373282.0026190458
2021-10-19,15515.830078125,373282.0026190458
2021-10-20,15522.919921875,373282.0026190458
2021-10-21,15472.5595703125,373282.0026190458
2021-10-22,15542.98046875,373282.0026190458
2021-10-25,15599.23046875,373282.0026190458
2021-10-26,15757.0595703125,373282.0026190458
2021-10-27,15705.8095703125,373090.1249640175
2021-10-28,15696.330078125,372858.5033180712
2021-10-29,15688.76953125,372673.76912801084
2021-11-01,15806.2900390625,375545.2619161861
2021-11-02,15954.4501953125,379165.4030139898
2021-11-03,15959.98046875,379300.5295598838
2021-11-04,16029.650390625,381002.8424748006
2021-11-05,16054.3603515625,381606.6049665465
2021-11-08,16046.51953125,381415.0225831838
2021-11-09,16040.4697265625,381267.2018253145
2021-11-10,16067.830078125,381935.72388717456
2021-11-11,16083.1103515625,382309.08165931026
2021-11-12,16094.0703125,382576.8770371257
2021-11-15,16148.6396484375,383910.2226592366
2021-11-16,16247.8603515625,386334.57853349537
2021-11-17,16251.1298828125,386414.4661682567
2021-11-18,16221.73046875,385696.12171052396
2021-11-19,16159.9697265625,384187.06147001934
2021-11-22,16115.6904296875,383105.1423734401
2021-11-23,15937.0,378739.02543168695
2021-11-24,15878.3896484375,375234.8022899208
2021-11-25,15917.98046875,375234.8022899208
2021-11-26,15257.0400390625,375234.8022899208
2021-11-29,15280.8603515625,375234.8022899208
2021-11-30,15100.1298828125,375234.8022899208
2021-12-01,15472.669921875,375234.8022899208
2021-12-02,15263.1103515625,375234.8022899208
2021-12-03,15169.98046875,375041.94872301293
2021-12-06,15380.7900390625,369681.971146664
2021-12-07,15813.9404296875,1157319.930938178
2021-12-08,15687.08984375,1157319.930938178
2021-12-09,15639.259765625,1157319.930938178
2021-12-10,15623.3095703125,1157319.930938178
2021-12-13,15621.7197265625,1157319.930938178
2021-12-14,15453.5595703125,1157319.930938178
2021-12-15,15476.349609375,1157319.930938178
2021-12-16,15636.400390625,1157319.930938178
2021-12-17,15531.6904296875,1157319.930938178
2021-12-20,15239.669921875,1157319.930938178
2021-12-21,15447.4404296875,1157319.930938178
2021-12-22,15593.4697265625,1157319.930938178
2021-12-23,15756.3095703125,1157319.930938178
2021-12-27,15835.25,1157319.930938178
2021-12-28,15963.7001953125,1157319.930938178
2021-12-29,15852.25,1157319.930938178
2021-12-30,15884.8603515625,864742.3191961644
2022-01-03,16020.73046875,864742.3191961644
2022-01-04,16152.6103515625,864158.6184885029
2022-01-05,16271.75,872769.2263828232
2022-01-06,16052.0302734375,856889.3707941149
2022-01-07,15947.740234375,849351.9922184041
2022-01-10,15768.26953125,837871.4242952159
2022-01-11,15941.8095703125,837871.4242952159
2022-01-12,16010.3203125,837871.4242952159
2022-01-13,16031.58984375,837871.4242952159
2022-01-14,15883.240234375,837871.4242952159
2022-01-17,15933.7197265625,837871.4242952159
2022-01-18,15772.5595703125,837871.4242952159
2022-01-19,15809.7197265625,837871.4242952159
2022-01-20,15912.330078125,837871.4242952159
2022-01-21,15603.8798828125,837871.4242952159
2022-01-24,15011.1298828125,837871.4242952159
2022-01-25,15123.8701171875,837301.1523206383
2022-01-26,15459.3896484375,811998.4508146443
2022-01-27,15524.26953125,3152017.9889721363
2022-01-28,15318.9501953125,3152017.9889721363
2022-01-31,15471.2001953125,3152017.9889721363
2022-02-01,15619.3896484375,3152017.9889721363
2022-02-02,15613.76953125,3152017.9889721363
2022-02-03,15368.4697265625,3152017.9889721363
2022-02-04,15099.5595703125,3152017.9889721363
2022-02-07,15206.6396484375,3152017.9889721363
2022-02-08,15242.3798828125,3152017.9889721363
2022-02-09,15482.009765625,3152017.9889721363
2022-02-10,15490.4404296875,3152017.9889721363
2022-02-11,15425.1201171875,3152017.9889721363
2022-02-14,15113.9697265625,3152017.9889721363
2022-02-15,15412.7099609375,3152017.9889721363
2022-02-16,15396.0703125,3152017.9889721363
2022-02-17,15267.6298828125,3152017.9889721363
2022-02-18,15042.509765625,3152017.9889721363
2022-02-21,14731.1201171875,3152017.9889721363
2022-02-22,14693.0,3152017.9889721363
2022-02-23,14631.3603515625,3152017.9889721363
2022-02-24,14052.099609375,3152017.9889721363
2022-02-25,14567.23046875,3152017.9889721363
2022-02-28,14461.01953125,3152017.9889721363
2022-03-01,13904.849609375,3152017.9889721363
2022-03-02,14000.1103515625,3152017.9889721363
2022-03-03,13698.400390625,3152017.9889721363
2022-03-04,13094.5400390625,3152017.9889721363
2022-03-07,12834.650390625,3152017.9889721363
2022-03-08,12831.509765625,3152017.9889721363
2022-03-09,13847.9296875,3152017.9889721363
2022-03-10,13442.099609375,3152017.9889721363
2022-03-11,13628.1103515625,3152017.9889721363
2022-03-14,13929.1103515625,3152017.9889721363
2022-03-15,13917.26953125,3152017.9889721363
2022-03-16,14440.740234375,3152017.9889721363
2022-03-17,14388.0595703125,3152017.9889721363
2022-03-18,14413.08984375,3152017.9889721363
2022-03-21,14326.9697265625,3152017.9889721363
2022-03-22,14473.2001953125,3152017.9889721363
2022-03-23,14283.650390625,3152017.9889721363
2022-03-24,14273.7900390625,3152017.9889721363
2022-03-25,14305.759765625,3152017.9889721363
2022-03-28,14417.3701171875,3152017.9889721363
2022-03-29,14820.330078125,3152017.9889721363
2022-03-30,14606.0498046875,3152017.9889721363
2022-03-31,14414.75,3152017.9889721363
2022-04-01,14446.48046875,3152017.9889721363
2022-04-04,14518.16015625,3152017.9889721363
2022-04-05,14424.3603515625,3152017.9889721363
2022-04-06,14151.6904296875,3152017.9889721363
2022-04-07,14078.150390625,3152017.9889721363
2022-04-08,14283.669921875,3152017.9889721363
2022-04-11,14192.7802734375,3152017.9889721363
2022-04-12,14124.9501953125,3152017.9889721363
2022-04-13,14076.4404296875,3152017.9889721363
2022-04-14,14163.849609375,3152017.9889721363
2022-04-19,14153.4599609375,3152017.9889721363
2022-04-20,14362.0302734375,3152017.9889721363
2022-04-21,14502.41015625,3152017.9889721363
2022-04-22,14142.08984375,3152017.9889721363
2022-04-25,13924.169921875,3152017.9889721363
2022-04-26,13756.400390625,3152017.9889721363
2022-04-27,13793.9404296875,3152017.9889721363
2022-04-28,13979.83984375,3152017.9889721363
2022-04-29,14097.8798828125,3152017.9889721363
2022-05-02,13939.0703125,3152017.9889721363
2022-05-03,14039.4697265625,3152017.9889721363
2022-05-04,13970.8203125,3152017.9889721363
2022-05-05,13902.51953125,3152017.9889721363
2022-05-06,13674.2900390625,3152017.9889721363
2022-05-09,13380.669921875,3152017.9889721363
2022-05-10,13534.740234375,3152017.9889721363
2022-05-11,13828.6396484375,3152017.9889721363
2022-05-12,13739.6396484375,3152017.9889721363
2022-05-13,14027.9296875,3152017.9889721363
2022-05-16,13964.3798828125,3152017.9889721363
2022-05-17,14185.9404296875,3152017.9889721363
2022-05-18,14007.759765625,3152017.9889721363
2022-05-19,13882.2998046875,3152017.9889721363
2022-05-20,13981.91015625,3152017.9889721363
2022-05-23,14175.400390625,3152017.9889721363
2022-05-24,13919.75,3152017.9889721363
2022-05-25,14007.9296875,3152017.9889721363
2022-05-26,14231.2900390625,3152017.9889721363
2022-05-27,14462.1904296875,3152017.9889721363
2022-05-30,14575.98046875,3150291.221962738
2022-05-31,14388.349609375,3105835.2378718555
2022-06-01,14340.4697265625,3094490.9029598054
2022-06-02,14485.169921875,3128775.186484316
2022-06-03,14460.08984375,3122832.8827617993
2022-06-06,14653.8095703125,3168731.5217748014
2022-06-07,14556.6201171875,3145704.111484625
2022-06-08,14445.990234375,3119492.216881194
2022-06-09,14198.7998046875,3075653.4585440634
2022-06-10,13761.830078125,3075653.4585440634
2022-06-13,13427.0302734375,3075653.4585440634
2022-06-14,13304.3896484375,3075653.4585440634
2022-06-15,13485.2900390625,3075653.4585440634
2022-06-16,13038.490234375,3075653.4585440634
2022-06-17,13126.259765625,3075653.4585440634
2022-06-20,13265.599609375,3075653.4585440634
2022-06-21,13292.400390625,3075653.4585440634
2022-06-22,13144.2802734375,3075653.4585440634
2022-06-23,12912.58984375,3075653.4585440634
2022-06-24,13118.1298828125,3075653.4585440634
2022-06-27,13186.0703125,3075653.4585440634
2022-06-28,13231.8203125,3075653.4585440634
2022-06-29,13003.349609375,3075653.4585440634
2022-06-30,12783.76953125,3075653.4585440634
2022-07-01,12813.0302734375,3075653.4585440634
2022-07-04,12773.3798828125,3075653.4585440634
2022-07-05,12401.2001953125,3075653.4585440634
2022-07-06,12594.51953125,3075653.4585440634
2022-07-07,12843.2197265625,3075653.4585440634
2022-07-08,13015.23046875,3075653.4585440634
2022-07-11,12832.4404296875,3075653.4585440634
2022-07-12,12905.48046875,3075653.4585440634
2022-07-13,12756.3203125,3075653.4585440634
2022-07-14,12519.66015625,3075653.4585440634
2022-07-15,12864.7197265625,3075653.4585440634
2022-07-18,12959.8095703125,3075653.4585440634
2022-07-19,13308.41015625,3075653.4585440634
2022-07-20,13281.98046875,3075653.4585440634
2022-07-21,13246.6396484375,3075653.4585440634
2022-07-22,13253.6796875,3075653.4585440634
2022-07-25,13210.3203125,3075653.4585440634
2022-07-26,13096.9296875,3075653.4585440634
2022-07-27,13166.3798828125,3075653.4585440634
2022-07-28,13282.1103515625,3075653.4585440634
2022-07-29,13484.0498046875,3075653.4585440634
2022-08-01,13479.6298828125,3075653.4585440634
2022-08-02,13449.2001953125,3075653.4585440634
2022-08-03,13587.5595703125,3075653.4585440634
2022-08-04,13662.6796875,3075653.4585440634
2022-08-05,13573.9296875,3073964.8547182865
2022-08-08,13687.6904296875,3102268.644247694
2022-08-09,13534.9697265625,3064271.5764111583
2022-08-10,13700.9296875,3105562.585192919
2022-08-11,13694.509765625,3103965.302034852
2022-08-12,13795.849609375,3129178.7592722834
2022-08-15,13816.6103515625,3134344.0532572754
2022-08-16,13910.1201171875,3157609.379012903
2022-08-17,13626.7099609375,3087096.640973842
2022-08-18,13697.41015625,3104686.9222020954
2022-08-19,13544.51953125,3061206.269996482
2022-08-22,13230.5703125,3061206.269996482
2022-08-23,13194.23046875,3061206.269996482
2022-08-24,13220.0595703125,3061206.269996482
2022-08-25,13271.9599609375,3061206.269996482
2022-08-26,12971.4697265625,3061206.269996482
2022-08-29,12892.990234375,3061206.269996482
2022-08-30,12961.1396484375,3061206.269996482
2022-08-31,12834.9599609375,3061206.269996482
2022-09-01,12630.23046875,3061206.269996482
2022-09-02,13050.26953125,3061206.269996482
2022-09-05,12760.7802734375,3061206.269996482
2022-09-06,12871.4404296875,3061206.269996482
2022-09-07,12915.9697265625,3061206.269996482
2022-09-08,12904.3203125,3061206.269996482
2022-09-09,13088.2099609375,3061206.269996482
2022-09-12,13402.26953125,3061206.269996482
2022-09-13,13188.9501953125,3061206.269996482
2022-09-14,13028.0,3061206.269996482
2022-09-15,12956.66015625,3061206.269996482
2022-09-16,12741.259765625,3061206.269996482
2022-09-19,12803.240234375,3061206.269996482
2022-09-20,12670.830078125,3061206.269996482
2022-09-21,12767.150390625,3061206.269996482
2022-09-22,12531.6298828125,3061206.269996482
2022-09-23,12284.1904296875,3061206.269996482
2022-09-26,12227.919921875,3061206.269996482
2022-09-27,12139.6796875,3061206.269996482
2022-09-28,12183.2802734375,3061206.269996482
2022-09-29,11975.5498046875,3061206.269996482
2022-09-30,12114.3603515625,3061206.269996482
2022-10-03,12209.48046875,3061206.269996482
2022-10-04,12670.48046875,3061206.269996482
2022-10-05,12517.1796875,3061206.269996482
2022-10-06,12470.7802734375,3061206.269996482
2022-10-07,12273.0,3061206.269996482
2022-10-10,12272.9404296875,3061206.269996482
2022-10-11,12220.25,3061206.269996482
2022-10-12,12172.259765625,3061206.269996482
2022-10-13,12355.580078125,3061206.269996482
2022-10-14,12437.8095703125,3061206.269996482
2022-10-17,12649.0302734375,3061206.269996482
2022-10-18,12765.6103515625,3061206.269996482
2022-10-19,12741.41015625,3061206.269996482
2022-10-20,12767.41015625,3061206.269996482
2022-10-21,12730.900390625,3061206.269996482
2022-10-24,12931.4501953125,3061206.269996482
2022-10-25,13052.9599609375,3061206.269996482
2022-10-26,13195.8095703125,3061206.269996482
2022-10-27,13211.23046875,3061206.269996482
2022-10-28,13243.330078125,3061206.269996482
2022-10-31,13253.740234375,3061206.269996482
2022-11-01,13338.740234375,3061206.269996482
2022-11-02,13256.740234375,3061206.269996482
2022-11-03,13130.1904296875,3061206.269996482
2022-11-04,13459.849609375,3061206.269996482
2022-11-07,13533.51953125,3061206.269996482
2022-11-08,13688.75,3061206.269996482
2022-11-09,13666.3203125,3061206.269996482
2022-11-10,14146.08984375,3061206.269996482
2022-11-11,14224.8603515625,3061206.269996482
2022-11-14,14313.2998046875,3061206.269996482
2022-11-15,14378.509765625,3061206.269996482
2022-11-16,14234.0302734375,3061206.269996482
2022-11-17,14266.3798828125,3061206.269996482
2022-11-18,14431.8603515625,3061206.269996482
2022-11-21,14379.9296875,3061206.269996482
2022-11-22,14422.349609375,3061206.269996482
2022-11-23,14427.58984375,3061206.269996482
2022-11-24,14539.5595703125,3061206.269996482
2022-11-25,14541.3798828125,3061206.269996482
2022-11-28,14383.3603515625,3061206.269996482
2022-11-29,14355.4501953125,3061206.269996482
2022-11-30,14397.0400390625,3061206.269996482
2022-12-01,14490.2998046875,3061206.269996482
2022-12-02,14529.3896484375,3061206.269996482
2022-12-05,14447.6103515625,3061206.269996482
2022-12-06,14343.1904296875,3061206.269996482
2022-12-07,14261.1904296875,3061206.269996482
2022-12-08,14264.5595703125,3061206.269996482
2022-12-09,14370.7197265625,3061206.269996482
2022-12-12,14306.6298828125,3061206.269996482
2022-12-13,14497.8896484375,3061206.269996482
2022-12-14,14460.2001953125,3061206.269996482
2022-12-15,13986.23046875,3061206.269996482
2022-12-16,13893.0703125,3061206.269996482
2022-12-19,13942.8701171875,3061206.269996482
2022-12-20,13884.66015625,3061206.269996482
2022-12-21,14097.8203125,3061206.269996482
2022-12-22,13914.0703125,3061206.269996482
2022-12-23,13940.9296875,3061206.269996482
2022-12-27,13995.099609375,3061206.269996482
2022-12-28,13925.599609375,3061206.269996482
2022-12-29,14071.7197265625,3061206.269996482
2022-12-30,13923.58984375,2488881.418745693
2023-01-02,14069.259765625,2453699.8232547306
2023-01-03,14181.669921875,2426550.9884413434
2023-01-04,14490.7802734375,9308476.808321713
2023-01-05,14436.3095703125,9270201.40385275
2023-01-06,14610.01953125,9392263.698512556
2023-01-09,14792.830078125,9520720.781336984
2023-01-10,14774.599609375,9507910.618716834
2023-01-11,14947.91015625,9629692.253610643
2023-01-12,15058.2998046875,9707260.711528946
2023-01-13,15086.51953125,9727090.113137817
2023-01-16,15134.0400390625,9760481.763194546
2023-01-17,15187.0703125,9797745.008360706
2023-01-18,15181.7998046875,9794041.534626994
2023-01-19,14920.3603515625,9610333.591853788
2023-01-20,15033.5595703125,9689876.275069827
2023-01-23,15102.9501953125,9738635.591286734
2023-01-24,15093.1103515625,9731721.342381625
2023-01-25,15081.6396484375,9723661.123282831
2023-01-26,15132.849609375,9759645.273574129
2023-01-27,15150.0302734375,9771717.7607702
2023-01-30,15126.080078125,9754888.467955805
2023-01-31,15128.26953125,9756426.950096065
2023-02-01,15180.740234375,9793296.99710595
2023-02-02,15509.1904296875,10024091.963064924
2023-02-03,15476.4296875,10001071.686365861
2023-02-06,15345.91015625,9909358.387967106
2023-02-07,15320.8798828125,9891770.147228034
2023-02-08,15412.0498046875,9955833.312103314
2023-02-09,15523.419921875,10034090.72455722
2023-02-10,15307.98046875,9882706.0033428
2023-02-13,15397.33984375,9945496.935440186
2023-02-14,15380.5595703125,9933705.794219809
2023-02-15,15506.33984375,10022088.91695992
2023-02-16,15533.6396484375,10041271.909034392
2023-02-17,15482.0,10004985.826476496
2023-02-20,15477.5498046875,10001858.768888108
2023-02-21,15397.6201171875,9945693.877623172
2023-02-22,15399.8896484375,9947288.62895857
2023-02-23,15475.6904296875,10000552.225625373
2023-02-24,15209.740234375,9793625.954351883
2023-02-27,15381.4296875,9793625.954351883
2023-02-28,15365.1396484375,9793625.954351883
2023-03-01,15305.01953125,9793625.954351883
2023-03-02,15327.6396484375,9793625.954351883
2023-03-03,15578.3896484375,9793625.954351883
2023-03-06,15653.580078125,9793625.954351883
2023-03-07,15559.5302734375,9793625.954351883
2023-03-08,15631.8701171875,9793625.954351883
2023-03-09,15633.2099609375,9793625.954351883
2023-03-10,15427.9697265625,9793625.954351883
2023-03-13,14959.4697265625,9793625.954351883
2023-03-14,15232.830078125,9793625.954351883
2023-03-15,14735.259765625,9793625.954351883
2023-03-16,14967.099609375,9793625.954351883
2023-03-17,14768.2001953125,9793625.954351883
2023-03-20,14933.3798828125,9788294.863787867
2023-03-21,15195.33984375,9601259.874138776
2023-03-22,15216.1904296875,9586372.90778315
2023-03-23,15210.3896484375,9590514.567665704
2023-03-24,14957.23046875,9771265.94807884
2023-03-27,15127.6796875,9649568.08344903
2023-03-28,15142.01953125,31336210.932763726
2023-03-29,15328.7802734375,31336210.932763726
2023-03-30,15522.400390625,31336210.932763726
2023-03-31,15628.83984375,31336210.932763726
2023-04-03,15580.919921875,31336210.932763726
2023-04-04,15603.4697265625,31320113.932665274
2023-04-05,15520.169921875,31148244.856395233
2023-04-06,15597.8896484375,31308600.78594835
2023-04-11,15655.169921875,31426784.82876971
2023-04-12,15703.599609375,31526707.820016783
2023-04-13,15729.4599609375,31580064.42453392
2023-04-14,15807.5,31741081.24175297
2023-04-17,15789.5302734375,31704005.040713742
2023-04-18,15882.669921875,31896176.263697077
2023-04-19,15895.2001953125,31922029.463823933
2023-04-20,15795.9697265625,31717291.300680738
2023-04-21,15881.66015625,31894092.855628245
2023-04-24,15863.9501953125,31857552.61836688
2023-04-25,15872.1298828125,31874429.432665262
2023-04-26,15795.73046875,31716797.649832707
2023-04-27,15800.4501953125,31726535.66839814
2023-04-28,15922.3798828125,31978108.20016021
2023-05-02,15726.9404296875,31574865.978868943
2023-05-03,15815.0595703125,31756678.593649317
2023-05-04,15734.240234375,31589927.366987426
2023-05-05,15961.01953125,32057831.804666437
2023-05-08,15952.830078125,32040934.84135385
2023-05-09,15955.48046875,32046403.283809174
2023-05-10,15896.23046875,31924155.184822597
2023-05-11,15834.91015625,31797635.494824488
2023-05-12,15913.8203125,31960447.589209236
2023-05-15,15917.240234375,31967503.773983944
2023-05-16,15897.9296875,31927661.113294326
2023-05-17,15951.2998046875,32037777.490827873
2023-05-18,16163.3603515625,32475313.33429661
2023-05-19,16275.3798828125,32706438.64644311
2023-05-22,16223.990234375,32600408.4889904
2023-05-23,16152.8603515625,32453649.11422304
2023-05-24,15842.1298828125,31795883.931156676
2023-05-25,15793.7998046875,31795883.931156676
2023-05-26,15983.9697265625,31795883.931156676
2023-05-29,15952.73046875,31795883.931156676
2023-05-30,15908.91015625,31795883.931156676
2023-05-31,15664.01953125,31795883.931156676
2023-06-01,15853.66015625,31795883.931156676
2023-06-02,16051.23046875,31795883.931156676
2023-06-05,15963.8896484375,31795883.931156676
2023-06-06,15992.4404296875,31795883.931156676
2023-06-07,15960.5595703125,31795883.931156676
2023-06-08,15989.9599609375,31795883.931156676
2023-06-09,15949.83984375,31795883.931156676
2023-06-12,16097.8701171875,31795883.931156676
2023-06-13,16230.6796875,31795883.931156676
2023-06-14,16310.7900390625,31795883.931156676
2023-06-15,16290.1201171875,31795883.931156676
2023-06-16,16357.6298828125,31795883.931156676
2023-06-19,16201.2001953125,31795883.931156676
2023-06-20,16111.3203125,31795883.931156676
2023-06-21,16023.1298828125,31795883.931156676
2023-06-22,15988.16015625,31795883.931156676
2023-06-23,15829.9404296875,31795883.931156676
2023-06-26,15813.0595703125,31795883.931156676
2023-06-27,15846.8603515625,31795883.931156676
2023-06-28,15949.0,31795883.931156676
2023-06-29,15946.7197265625,31795883.931156676
2023-06-30,16147.900390625,31795883.931156676
2023-07-03,16081.0400390625,31779557.20941984
2023-07-04,16039.169921875,31864576.804016747
2023-07-05,15937.580078125,32070860.614785887
2023-07-06,15528.5400390625,32901439.094880965
2023-07-07,15603.400390625,32749431.00011676
2023-07-10,15673.16015625,32607779.92792002
2023-07-11,15790.33984375,32369840.0749784
2023-07-12,16023.0,96742965.54857655
2023-07-13,16141.0302734375,96742965.54857655
2023-07-14,16105.0703125,96742965.54857655
2023-07-17,16068.650390625,96742965.54857655
2023-07-18,16125.490234375,96742965.54857655
2023-07-19,16108.9296875,96742965.54857655
2023-07-20,16204.2197265625,96742965.54857655
2023-07-21,16177.2197265625,96694181.51468708
2023-07-24,16190.9501953125,96776992.73492642
2023-07-25,16211.58984375,96901474.60830894
2023-07-26,16131.4599609375,96418195.15921235
2023-07-27,16406.029296875,98074178.0803554
2023-07-28,16469.75,98458490.46446754
2023-07-31,16446.830078125,98320255.80308652
2023-08-01,16240.400390625,97075236.81453234
2023-08-02,16020.01953125,95776626.55063121
2023-08-03,15893.3798828125,95776626.55063121
2023-08-04,15951.8603515625,95776626.55063121
2023-08-07,15950.759765625,95776626.55063121
2023-08-08,15774.9296875,95776626.55063121
2023-08-09,15852.580078125,95776626.55063121
2023-08-10,15996.51953125,95776626.55063121
2023-08-11,15832.169921875,95728325.44477671
2023-08-14,15904.25,95288518.70941485
2023-08-15,15767.2802734375,96124258.76200458
2023-08-16,15789.4501953125,95988985.86529432
2023-08-17,15676.900390625,96675724.32969195
2023-08-18,15574.259765625,97302000.54041505
2023-08-21,15603.2802734375,97124927.83001336
2023-08-22,15705.6201171875,96500486.8783946
2023-08-23,15728.41015625,96361430.24944
2023-08-24,15621.490234375,97013817.19196579
2023-08-25,15631.8203125,96950786.76727188
2023-08-28,15792.6103515625,95969703.72743182
2023-08-29,15930.8798828125,289497599.86018926
2023-08-30,15891.9296875,289497599.86018926
2023-08-31,15947.080078125,289497599.86018926
2023-09-01,15840.33984375,289497599.86018926
2023-09-04,15824.849609375,289497599.86018926
2023-09-05,15771.7099609375,289497599.86018926
2023-09-06,15741.3701171875,289497599.86018926
2023-09-07,15718.66015625,289497599.86018926
2023-09-08,15740.2998046875,289497599.86018926
2023-09-11,15800.990234375,289497599.86018926
2023-09-12,15715.5302734375,289497599.86018926
2023-09-13,15654.0302734375,289497599.86018926
2023-09-14,15805.2900390625,289497599.86018926
2023-09-15,15893.5302734375,289497599.86018926
2023-09-18,15727.1201171875,289497599.86018926
2023-09-19,15664.48046875,289497599.86018926
2023-09-20,15781.58984375,289497599.86018926
2023-09-21,15571.8603515625,289497599.86018926
2023-09-22,15557.2900390625,289497599.86018926
2023-09-25,15405.490234375,289497599.86018926
2023-09-26,15255.8701171875,289497599.86018926
2023-09-27,15217.4501953125,289497599.86018926
2023-09-28,15323.5,289497599.86018926
2023-09-29,15386.580078125,289497599.86018926
2023-10-02,15247.2099609375,289497599.86018926
2023-10-03,15085.2099609375,289497599.86018926
2023-10-04,15099.919921875,289497599.86018926
2023-10-05,15070.2197265625,289497599.86018926
2023-10-06,15229.76953125,289497599.86018926
2023-10-09,15128.1103515625,289497599.86018926
2023-10-10,15423.51953125,289497599.86018926
2023-10-11,15460.009765625,289497599.86018926
2023-10-12,15425.0302734375,289497599.86018926
2023-10-13,15186.66015625,289497599.86018926
2023-10-16,15237.990234375,289497599.86018926
2023-10-17,15251.6904296875,289497599.86018926
2023-10-18,15094.91015625,289497599.86018926
2023-10-19,15045.23046875,289497599.86018926
2023-10-20,14798.4697265625,289497599.86018926
2023-10-23,14800.7197265625,289497599.86018926
2023-10-24,14879.9404296875,289497599.86018926
2023-10-25,14892.1796875,289497599.86018926
2023-10-26,14731.0498046875,289497599.86018926
2023-10-27,14687.41015625,289497599.86018926
2023-10-30,14716.5400390625,289497599.86018926
2023-10-31,14810.33984375,289497599.86018926
2023-11-01,14923.26953125,289497599.86018926
2023-11-02,15143.599609375,289497599.86018926
2023-11-03,15189.25,289497599.86018926
2023-11-06,15135.9697265625,289497599.86018926
2023-11-07,15152.6396484375,289497599.86018926
2023-11-08,15229.599609375,289497599.86018926
2023-11-09,15352.5400390625,289497599.86018926
2023-11-10,15234.3896484375,289497599.86018926
2023-11-13,15345.0,289497599.86018926
2023-11-14,15614.4296875,289497599.86018926
2023-11-15,15748.169921875,289497599.86018926
2023-11-16,15786.6103515625,289497599.86018926
2023-11-17,15919.16015625,289497599.86018926
2023-11-20,15901.330078125,289497599.86018926
2023-11-21,15900.5302734375,289497599.86018926
2023-11-22,15957.8203125,289497599.86018926
2023-11-23,15994.73046875,289497599.86018926
2023-11-24,16029.490234375,289497599.86018926
2023-11-27,15966.3701171875,289497599.86018926
2023-11-28,15992.669921875,289497599.86018926
2023-11-29,16166.4501953125,289497599.86018926
2023-11-30,16215.4296875,289497599.86018926
2023-12-01,16397.51953125,289497599.86018926
2023-12-04,16404.759765625,289497599.86018926
2023-12-05,16533.109375,289497599.86018926
2023-12-06,16656.439453125,289497599.86018926
2023-12-07,16628.990234375,289497599.86018926
2023-12-08,16759.220703125,289497599.86018926
2023-12-11,16794.4296875,289497599.86018926
2023-12-12,16791.740234375,289497599.86018926
2023-12-13,16766.05078125,289497599.86018926
2023-12-14,16752.23046875,289497599.86018926
2023-12-15,16751.439453125,289497599.86018926
2023-12-18,16650.55078125,289497599.86018926
2023-12-19,16744.41015625,289497599.86018926
2023-12-20,16733.05078125,289497599.86018926
2023-12-21,16687.419921875,289497599.86018926
2023-12-22,16706.1796875,289497599.86018926
2023-12-27,16742.0703125,289497599.86018926
2023-12-28,16701.55078125,289497599.86018926
2023-12-29,16751.640625,214875333.06541395
2024-01-02,16769.359375,214875333.06541395
2024-01-03,16538.390625,214875333.06541395
2024-01-04,16617.2890625,214875333.06541395
2024-01-05,16594.2109375,214875333.06541395
2024-01-08,16716.470703125,214875333.06541395
2024-01-09,16688.359375,214875333.06541395
2024-01-10,16689.810546875,214875333.06541395
2024-01-11,16547.029296875,214875333.06541395
2024-01-12,16704.560546875,214875333.06541395
2024-01-15,16622.220703125,214875333.06541395
2024-01-16,16571.6796875,214875333.06541395
2024-01-17,16431.689453125,214875333.06541395
2024-01-18,16567.349609375,214875333.06541395
2024-01-19,16555.130859375,214875333.06541395
2024-01-22,16683.359375,214875333.06541395
2024-01-23,16627.08984375,214875333.06541395
2024-01-24,16889.919921875,214875333.06541395
2024-01-25,16906.919921875,214875333.06541395
2024-01-26,16961.390625,214875333.06541395
2024-01-29,16941.7109375,214875333.06541395
2024-01-30,16972.33984375,214875333.06541395
2024-01-31,16903.759765625,214875333.06541395
2024-02-01,16859.0390625,214875333.06541395
2024-02-02,16918.2109375,214875333.06541395
2024-02-05,16904.060546875,214875333.06541395
2024-02-06,17033.240234375,214875333.06541395
2024-02-07,16921.9609375,214875333.06541395
2024-02-08,16963.830078125,214875333.06541395
2024-02-09,16926.5,214875333.06541395
2024-02-12,17037.349609375,214875333.06541395
2024-02-13,16880.830078125,214875333.06541395
2024-02-14,16945.48046875,214875333.06541395
2024-02-15,17046.689453125,214875333.06541395
2024-02-16,17117.439453125,214875333.06541395
2024-02-19,17092.259765625,214875333.06541395
2024-02-20,17068.4296875,214875333.06541395
2024-02-21,17118.119140625,214875333.06541395
2024-02-22,17370.44921875,214875333.06541395
2024-02-23,17419.330078125,214875333.06541395
2024-02-26,17423.23046875,214875333.06541395
2024-02-27,17556.490234375,214875333.06541395
2024-02-28,17601.220703125,214875333.06541395
2024-02-29,17678.189453125,214875333.06541395
2024-03-01,17735.0703125,214875333.06541395
2024-03-04,17716.169921875,214875333.06541395
2024-03-05,17698.400390625,214875333.06541395
2024-03-06,17716.7109375,214875333.06541395
2024-03-07,17842.849609375,214875333.06541395
2024-03-08,17814.509765625,214875333.06541395
2024-03-11,17746.26953125,214875333.06541395
2024-03-12,17965.109375,214875333.06541395
2024-03-13,17961.380859375,214875333.06541395
2024-03-14,17942.0390625,214875333.06541395
2024-03-15,17936.650390625,214875333.06541395
2024-03-18,17932.6796875,214875333.06541395
2024-03-19,17987.490234375,214875333.06541395
2024-03-20,18015.130859375,214875333.06541395
2024-03-21,18179.25,214875333.06541395
2024-03-22,18205.939453125,214875333.06541395
2024-03-25,18261.310546875,214875333.06541395
2024-03-26,18384.349609375,214875333.06541395
2024-03-27,18477.08984375,214875333.06541395
2024-03-28,18492.490234375,214875333.06541395
2024-04-02,18283.130859375,214875333.06541395
2024-04-03,18367.720703125,214875333.06541395
2024-04-04,18403.130859375,214875333.06541395
2024-04-05,18175.0390625,214875333.06541395
2024-04-08,18318.970703125,214875333.06541395
2024-04-09,18076.689453125,214875333.06541395
2024-04-10,18097.30078125,214875333.06541395
2024-04-11,17954.48046875,214875333.06541395
2024-04-12,17930.3203125,214875333.06541395
2024-04-15,18026.580078125,214875333.06541395
2024-04-16,17766.23046875,214875333.06541395
2024-04-17,17770.01953125,214875333.06541395
2024-04-18,17837.400390625,214875333.06541395
2024-04-19,17737.359375,214875333.06541395
2024-04-22,17860.80078125,214875333.06541395
2024-04-23,18137.650390625,214875333.06541395
2024-04-24,18088.69921875,214875333.06541395
2024-04-25,17917.279296875,214875333.06541395
2024-04-26,18161.009765625,214875333.06541395
2024-04-29,18118.3203125,214875333.06541395
2024-04-30,17932.169921875,214875333.06541395
2024-05-02,17896.5,214875333.06541395
2024-05-03,18001.599609375,214875333.06541395
2024-05-06,18175.2109375,214875333.06541395
2024-05-07,18430.05078125,214875333.06541395
2024-05-08,18498.380859375,214875333.06541395
2024-05-09,18686.599609375,214875333.06541395
2024-05-10,18772.849609375,214875333.06541395
2024-05-13,18742.220703125,214875333.06541395
2024-05-14,18716.419921875,214875333.06541395
2024-05-15,18869.359375,214875333.06541395
2024-05-16,18738.810546875,214875333.06541395
2024-05-17,18704.419921875,214875333.06541395
2024-05-20,18768.9609375,214875333.06541395
2024-05-21,18726.759765625,214875333.06541395
2024-05-22,18680.19921875,214875333.06541395
2024-05-23,18691.3203125,214875333.06541395
2024-05-24,18693.369140625,214875333.06541395
2024-05-27,18774.7109375,214875333.06541395
2024-05-28,18677.869140625,214875333.06541395
2024-05-29,18473.2890625,214875333.06541395
2024-05-30,18496.7890625,214875333.06541395
2024-05-31,18497.939453125,214875333.06541395
2024-06-03,18608.16015625,214875333.06541395
2024-06-04,18405.640625,214875333.06541395
2024-06-05,18575.939453125,214875333.06541395
2024-06-06,18652.669921875,214875333.06541395
2024-06-07,18557.26953125,214875333.06541395
2024-06-10,18494.890625,214875333.06541395
2024-06-11,18369.939453125,214875333.06541395
2024-06-12,18630.859375,214875333.06541395
2024-06-13,18265.6796875,214875333.06541395
2024-06-14,18002.01953125,214875333.06541395
2024-06-17,18068.2109375,214875333.06541395
2024-06-18,18131.970703125,214875333.06541395
2024-06-19,18067.91015625,214730219.878945
2024-06-20,18254.1796875,211738156.6034454
2024-06-21,18163.51953125,213194438.380966
2024-06-24,18325.580078125,210591246.07432258
2024-06-25,18177.619140625,212967955.15997583
2024-06-26,18155.240234375,213327429.42872572
2024-06-27,18210.55078125,212438971.42412388
2024-06-28,18235.44921875,212039025.71125752
2024-07-01,18290.66015625,211152167.74049288
2024-07-02,18164.060546875,213185748.0011053
2024-07-03,18374.529296875,209804970.6228119
2024-07-04,18450.48046875,208584960.50857943
2024-07-05,18475.44921875,803121488.1573225
2024-07-08,18472.05078125,803121488.1573225
2024-07-09,18236.189453125,803121488.1573225
2024-07-10,18407.220703125,803121488.1573225
2024-07-11,18534.560546875,803121488.1573225
2024-07-12,18748.1796875,803121488.1573225
2024-07-15,18590.890625,803121488.1573225
2024-07-16,18518.029296875,802682398.8813523
2024-07-17,18437.30078125,798854018.9919317
2024-07-18,18354.759765625,794939685.10601
2024-07-19,18171.9296875,786269353.5774789
2024-07-22,18407.0703125,797420402.6580471
2024-07-23,18557.69921875,804563661.4060668
2024-07-24,18387.4609375,796490469.333832
2024-07-25,18298.720703125,792282150.5503944
2024-07-26,18417.55078125,797917416.8231605
2024-07-29,18320.669921875,793323046.0381961
2024-07-30,18411.1796875,797615281.1156316
2024-07-31,18508.650390625,802237623.9985952
2024-08-01,18083.05078125,781845418.2884297
2024-08-02,17661.220703125,781845418.2884297
2024-08-05,17339.0,781845418.2884297
2024-08-06,17354.3203125,781845418.2884297
2024-08-07,17615.150390625,781845418.2884297
2024-08-08,17680.400390625,781845418.2884297
2024-08-09,17722.880859375,781845418.2884297
2024-08-12,17726.470703125,781845418.2884297
2024-08-13,17812.05078125,781845418.2884297
2024-08-14,17885.599609375,781845418.2884297
2024-08-15,18183.240234375,781845418.2884297
2024-08-16,18322.400390625,781845418.2884297
2024-08-19,18421.689453125,781845418.2884297
2024-08-20,18357.51953125,781845418.2884297
2024-08-21,18448.94921875,781845418.2884297
2024-08-22,18493.390625,781845418.2884297
2024-08-23,18633.099609375,781845418.2884297
2024-08-26,18617.01953125,781845418.2884297
2024-08-27,18681.810546875,781845418.2884297
2024-08-28,18782.2890625,781845418.2884297
2024-08-29,18912.5703125,781845418.2884297
2024-08-30,18906.919921875,781845418.2884297
2024-09-02,18930.849609375,781845418.2884297
2024-09-03,18747.109375,781845418.2884297
2024-09-04,18591.849609375,781845418.2884297
2024-09-05,18576.5,781845418.2884297
2024-09-06,18301.900390625,781845418.2884297
2024-09-09,18443.560546875,781845418.2884297
2024-09-10,18265.919921875,781845418.2884297
2024-09-11,18330.26953125,781845418.2884297
2024-09-12,18518.390625,781845418.2884297
2024-09-13,18699.400390625,781845418.2884297
2024-09-16,18633.109375,781845418.2884297
2024-09-17,18726.080078125,781845418.2884297
2024-09-18,18711.490234375,781845418.2884297
2024-09-19,19002.380859375,781845418.2884297
2024-09-20,18720.009765625,781845418.2884297
2024-09-23,18846.7890625,781845418.2884297
2024-09-24,18996.630859375,781845418.2884297
2024-09-25,18918.5,781845418.2884297
2024-09-26,19238.359375,781845418.2884297
2024-09-27,19473.630859375,781845418.2884297
2024-09-30,19324.9296875,781845418.2884297
2024-10-01,19213.140625,781845418.2884297
2024-10-02,19164.75,781845418.2884297
2024-10-03,19015.41015625,781845418.2884297
2024-10-04,19120.9296875,781845418.2884297
2024-10-07,19104.099609375,781845418.2884297
2024-10-08,19066.470703125,781845418.2884297
2024-10-09,19254.9296875,781845418.2884297
2024-10-10,19210.900390625,781845418.2884297
2024-10-11,19373.830078125,781845418.2884297
2024-10-14,19508.2890625,781845418.2884297
2024-10-15,19486.189453125,781845418.2884297
2024-10-16,19432.810546875,781845418.2884297
2024-10-17,19583.390625,781845418.2884297
2024-10-18,19657.369140625,781845418.2884297
2024-10-21,19461.189453125,781845418.2884297
2024-10-22,19421.91015625,781845418.2884297
2024-10-23,19377.619140625,781845418.2884297
2024-10-24,19443.0,781845418.2884297
2024-10-25,19463.58984375,781845418.2884297
2024-10-28,19531.619140625,781845418.2884297
2024-10-29,19478.0703125,781845418.2884297
2024-10-30,19257.33984375,781845418.2884297
2024-10-31,19077.5390625,781845418.2884297
2024-11-01,19254.970703125,781845418.2884297
2024-11-04,19147.849609375,781845418.2884297
2024-11-05,19256.26953125,781845418.2884297
2024-11-06,19039.310546875,781845418.2884297
2024-11-07,19362.51953125,781845418.2884297
2024-11-08,19215.48046875,781845418.2884297
2024-11-11,19448.599609375,781845418.2884297
2024-11-12,19033.640625,781845418.2884297
2024-11-13,19003.109375,781845418.2884297
2024-11-14,19263.69921875,781845418.2884297
2024-11-15,19210.810546875,781845418.2884297
2024-11-18,19189.189453125,781845418.2884297
2024-11-19,19060.310546875,781845418.2884297
2024-11-20,19004.779296875,781416961.7310348
2024-11-21,19146.169921875,775041750.5813433
2024-11-22,19322.58984375,767087091.2610016
2024-11-25,19405.19921875,2515646451.0721607
2024-11-26,19295.98046875,2515646451.0721607
2024-11-27,19261.75,2515646451.0721607
2024-11-28,19425.73046875,2515646451.0721607
2024-11-29,19626.44921875,2514351527.2320156
2024-12-02,19933.619140625,2554884753.632599
2024-12-03,20016.75,2565854453.8016577
2024-12-04,20232.140625,2594276758.0246634
2024-12-05,20358.80078125,2610990454.3328056
2024-12-06,20384.609375,2614396079.3600345
2024-12-09,20345.9609375,2609296146.86126
2024-12-10,20329.16015625,2607079165.895298
2024-12-11,20399.16015625,2616316157.0392275
2024-12-12,20426.26953125,2619893429.2791195
2024-12-13,20405.919921875,2617208155.5422726
2024-12-16,20313.810546875,2605053677.2401605
2024-12-17,20246.369140625,2596154310.4935117
2024-12-18,20242.5703125,2595653028.468541
2024-12-19,19969.859375,2559666906.8322535
2024-12-20,19884.75,2550076635.121975
2024-12-23,19848.76953125,2550076635.121975
2024-12-27,19984.3203125,2550076635.121975
2024-12-30,19909.140625,1942924296.587269
2025-01-02,20024.66015625,1942924296.587269
2025-01-03,19906.080078125,1942924296.587269
2025-01-06,20216.189453125,1942924296.587269
2025-01-07,20340.5703125,1942924296.587269
2025-01-08,20329.939453125,1942924296.587269
2025-01-09,20317.099609375,1942924296.587269
2025-01-10,20214.7890625,1942924296.587269
2025-01-13,20132.849609375,1942924296.587269
2025-01-14,20271.330078125,1942924296.587269
2025-01-15,20574.6796875,1942924296.587269
2025-01-16,20655.390625,1942924296.587269
2025-01-17,20903.390625,1942924296.587269
2025-01-20,20990.310546875,1942924296.587269
2025-01-21,21042.0,1942924296.587269
2025-01-22,21254.26953125,1942924296.587269
2025-01-23,21411.529296875,1942924296.587269
2025-01-24,21394.9296875,1942924296.587269
2025-01-27,21282.1796875,1942924296.587269
2025-01-28,21430.580078125,1942924296.587269
2025-01-29,21637.529296875,1942924296.587269
2025-01-30,21727.19921875,1942924296.587269
2025-01-31,21732.05078125,1942924296.587269
2025-02-03,21428.240234375,1942924296.587269
2025-02-04,21505.69921875,1942924296.587269
2025-02-05,21585.9296875,1942924296.587269
2025-02-06,21902.419921875,1942924296.587269
2025-02-07,21787.0,1942924296.587269
2025-02-10,21911.740234375,1942924296.587269
2025-02-11,22037.830078125,1942924296.587269
2025-02-12,22148.029296875,1942924296.587269
2025-02-13,22612.01953125,1942924296.587269
2025-02-14,22513.419921875,1942924296.587269
2025-02-17,22798.08984375,1942924296.587269
2025-02-18,22844.5,1942924296.587269
2025-02-19,22433.630859375,1942924296.587269
2025-02-20,22314.650390625,1942924296.587269
2025-02-21,22287.560546875,1942924296.587269
2025-02-24,22425.9296875,1942924296.587269
2025-02-25,22410.26953125,1942924296.587269
2025-02-26,22794.109375,1942924296.587269
2025-02-27,22550.890625,1942924296.587269
2025-02-28,22551.4296875,1942924296.587269
2025-03-03,23147.01953125,1942924296.587269
2025-03-04,22326.810546875,1942924296.587269
2025-03-05,23081.029296875,1942924296.587269
2025-03-06,23419.48046875,1942924296.587269
2025-03-07,23008.939453125,1942924296.587269
2025-03-10,22620.94921875,1942924296.587269
2025-03-11,22328.76953125,1942924296.587269
2025-03-12,22676.41015625,1942924296.587269
2025-03-13,22567.140625,1942924296.587269
2025-03-14,22986.8203125,1942924296.587269
2025-03-17,23154.5703125,1942924296.587269
2025-03-18,23380.69921875,1942924296.587269
2025-03-19,23288.060546875,1942924296.587269
2025-03-20,22999.150390625,1942924296.587269
2025-03-21,22891.6796875,1942924296.587269
2025-03-24,22852.66015625,1942924296.587269
2025-03-25,23109.7890625,1942924296.587269
2025-03-26,22839.029296875,1942924296.587269
2025-03-27,22678.740234375,1942924296.587269
2025-03-28,22461.51953125,1942924296.587269
2025-03-31,22163.490234375,1942924296.587269
2025-04-01,22539.98046875,1942924296.587269
2025-04-02,22390.83984375,1942924296.587269
2025-04-03,21717.390625,1942924296.587269
2025-04-04,20641.720703125,1942924296.587269
2025-04-07,19789.619140625,1942924296.587269
2025-04-08,20280.259765625,1942924296.587269
2025-04-09,19670.880859375,1942924296.587269
2025-04-10,20562.73046875,1942924296.587269
2025-04-11,20374.099609375,1942924296.587269
2025-04-14,20954.830078125,1942924296.587269
2025-04-15,21253.69921875,1942924296.587269
2025-04-16,21311.01953125,1942924296.587269
2025-04-17,21205.859375,1942924296.587269
2025-04-22,21293.529296875,1942924296.587269
2025-04-23,21961.970703125,1942924296.587269
2025-04-24,22064.509765625,1942924296.587269
2025-04-25,22242.44921875,1942924296.587269
2025-04-28,22271.669921875,1942924296.587269
2025-04-29,22425.830078125,1942924296.587269
2025-04-30,22496.98046875,1942924296.587269
2025-05-02,23086.650390625,1942924296.587269
2025-05-05,23344.5390625,1942924296.587269
2025-05-06,23249.650390625,1942924296.587269
2025-05-07,23115.9609375,1942924296.587269
2025-05-08,23352.689453125,1942924296.587269
2025-05-09,23499.3203125,1942924296.587269
2025-05-12,23566.5390625,1942924296.587269
2025-05-13,23638.560546875,1942924296.587269
2025-05-14,23527.009765625,1942924296.587269
2025-05-15,23695.58984375,1942924296.587269
2025-05-16,23767.4296875,1942924296.587269
2025-05-19,23934.98046875,1942924296.587269
2025-05-20,24036.109375,1942924296.587269
2025-05-21,24122.400390625,1942924296.587269
2025-05-22,23999.169921875,1942924296.587269
2025-05-23,23629.580078125,1942924296.587269
2025-05-26,24027.650390625,1942924296.587269
2025-05-27,24226.490234375,1942924296.587269
2025-05-28,24038.189453125,1942924296.587269
2025-05-29,23933.23046875,1942924296.587269
2025-05-30,23997.48046875,1942924296.587269
2025-06-02,23930.669921875,1942924296.587269
2025-06-03,24091.619140625,1942924296.587269
2025-06-04,24276.48046875,1942924296.587269
2025-06-05,24323.580078125,1942924296.587269
2025-06-06,24304.4609375,1942924296.587269
2025-06-09,24174.3203125,1942924296.587269
2025-06-10,23987.560546875,1942924296.587269
2025-06-11,23948.900390625,1942924296.587269
2025-06-12,23771.44921875,1942924296.587269
2025-06-13,23516.23046875,1942924296.587269
2025-06-16,23699.119140625,1942924296.587269
2025-06-17,23434.650390625,1942924296.587269
2025-06-18,23317.810546875,1942924296.587269
2025-06-19,23057.380859375,1942924296.587269
2025-06-20,23350.55078125,1942924296.587269
2025-06-23,23269.009765625,1942924296.587269
2025-06-24,23641.580078125,1942924296.587269
2025-06-25,23498.330078125,1942924296.587269
2025-06-26,23649.30078125,1942924296.587269
2025-06-27,24033.220703125,1942924296.587269
2025-06-30,23909.609375,1942924296.587269
2025-07-01,23673.2890625,1942924296.587269
2025-07-02,23790.109375,1942924296.587269
2025-07-03,23934.130859375,1942924296.587269
2025-07-04,23787.44921875,1942924296.587269
2025-07-07,24073.669921875,1942924296.587269
2025-07-08,24206.91015625,1942924296.587269
2025-07-09,24549.560546875,1942924296.587269
2025-07-10,24456.810546875,1942924296.587269
2025-07-11,24255.310546875,1942924296.587269
2025-07-14,24160.640625,1942924296.587269
2025-07-15,24060.2890625,1942924296.587269
2025-07-16,24009.380859375,1942924296.587269
2025-07-17,24370.9296875,1942924296.587269
2025-07-18,24289.509765625,1942924296.587269
2025-07-21,24307.80078125,1942924296.587269
2025-07-22,24041.900390625,1942924296.587269
2025-07-23,24240.8203125,1942924296.587269
2025-07-24,24295.9296875,1942924296.587269
2025-07-25,24217.5,1942924296.587269
2025-07-28,23970.359375,1942924296.587269
2025-07-29,24217.369140625,1942924296.587269
2025-07-30,24262.220703125,1942924296.587269
2025-07-31,24065.470703125,1942924296.587269
2025-08-01,23425.970703125,1942924296.587269
2025-08-04,23757.689453125,1942924296.587269
2025-08-05,23846.0703125,1942924296.587269
2025-08-06,23924.359375,1942924296.587269
2025-08-07,24192.5,1942924296.587269
2025-08-08,24162.859375,1942924296.587269
2025-08-11,24081.33984375,1942924296.587269
2025-08-12,24024.779296875,1942924296.587269
2025-08-13,24185.58984375,1942924296.587269
2025-08-14,24377.5,1942924296.587269
2025-08-15,24359.30078125,1942924296.587269
2025-08-18,24314.76953125,1942924296.587269
2025-08-19,24423.0703125,1942924296.587269
2025-08-20,24276.970703125,1942924296.587269
2025-08-21,24293.33984375,1942924296.587269
2025-08-22,24363.08984375,1942924296.587269
2025-08-25,24273.119140625,1942924296.587269
2025-08-26,24152.869140625,1942924296.587269
2025-08-27,24046.2109375,1942924296.587269
2025-08-28,24039.919921875,1942924296.587269
2025-08-29,23902.2109375,1942924296.587269
2025-09-01,24037.330078125,1942924296.587269
2025-09-02,23487.330078125,1942924296.587269
2025-09-03,23594.80078125,1941612166.2583425
2025-09-04,23770.330078125,1922089448.8444474
2025-09-05,23596.98046875,1941369737.080589
2025-09-08,23807.130859375,1917996392.780616
2025-09-09,23718.44921875,1927859741.181968
2025-09-10,23632.94921875,1937369221.1867602
2025-09-11,23703.650390625,1929505696.2714303
2025-09-12,23698.150390625,1930117417.207411
2025-09-15,23748.859375,1924477463.1375005
2025-09-16,23329.240234375,1971148338.311787
2025-09-17,23359.1796875,1967818412.8048093
2025-09-18,23674.529296875,1932744602.2215273
2025-09-19,23639.41015625,1936650622.8713396
2025-09-22,23527.05078125,1949147455.9697425
2025-09-23,23611.330078125,1939773744.9937103
2025-09-24,23666.810546875,1933603096.9441822
2025-09-25,23534.830078125,1948282227.1032612
2025-09-26,23739.470703125,1925521689.8914988
2025-09-29,23745.060546875,1924899976.3550012
2025-09-30,23880.720703125,1909811584.0356286
2025-10-01,24113.619140625,7231999399.588752
2025-10-02,24422.560546875,7231999399.588752
2025-10-03,24378.80078125,7231999399.588752
2025-10-06,24378.2890625,7231999399.588752
2025-10-07,24385.779296875,7231999399.588752
2025-10-08,24597.130859375,7231999399.588752
2025-10-09,24611.25,7231999399.588752
2025-10-10,24241.4609375,7231999399.588752
2025-10-13,24387.9296875,7231999399.588752
2025-10-14,24236.939453125,7231999399.588752
2025-10-15,24181.369140625,7231999399.588752
2025-10-16,24272.189453125,7231999399.588752
2025-10-17,23830.990234375,7231999399.588752
2025-10-20,24258.80078125,7231999399.588752
2025-10-21,24330.029296875,7231999399.588752
2025-10-22,24151.130859375,7231999399.588752
2025-10-23,24207.7890625,7231999399.588752
2025-10-24,24239.890625,7231999399.588752
2025-10-27,24308.779296875,7231999399.588752
2025-10-28,24278.630859375,7231999399.588752
2025-10-29,24124.2109375,7231999399.588752
2025-10-30,24118.890625,7231999399.588752
2025-10-31,23958.30078125,7231999399.588752
2025-11-03,24132.41015625,7231999399.588752
2025-11-04,23949.109375,7231999399.588752
2025-11-05,24049.740234375,7231999399.588752
2025-11-06,23734.01953125,7231999399.588752
2025-11-07,23569.9609375,7231999399.588752
2025-11-10,23959.990234375,7231999399.588752
2025-11-11,24088.060546875,7228044053.316296
2025-11-12,24381.4609375,7131689252.21995
2025-11-13,24041.619140625,7243295745.559517
2025-11-14,23876.55078125,7297505383.457398
2025-11-17,23590.51953125,7391440105.706336
2025-11-18,23180.529296875,7526083851.0690975
2025-11-19,23162.919921875,7531866896.626541
2025-11-20,23278.849609375,7493794752.426497
2025-11-21,23091.869140625,7555200484.835133
2025-11-24,23239.1796875,7506822640.438612
2025-11-25,23464.630859375,7432782852.091096
2025-11-26,23726.220703125,22895562533.683704
2025-11-27,23767.9609375,22895562533.683704
2025-11-28,23836.7890625,22895562533.683704
2025-12-01,23589.439453125,22895562533.683704
2025-12-02,23710.859375,22895562533.683704
2025-12-03,23693.7109375,22895562533.683704
2025-12-04,23882.029296875,22895562533.683704
2025-12-05,24028.140625,22895562533.683704
2025-12-08,24046.009765625,22895562533.683704
2025-12-09,24162.650390625,22895562533.683704
2025-12-10,24130.140625,22895562533.683704
2025-12-11,24294.609375,22895562533.683704
2025-12-12,24186.490234375,22895562533.683704
2025-12-15,24229.91015625,22883779319.77802
2025-12-16,24076.869140625,22734928992.90319
2025-12-17,23960.58984375,22621833746.652145
2025-12-18,24199.5,22854201878.203674
2025-12-19,24288.400390625,17481254584.44155
